,Acetanaerobacterium,Acidaminococcus,Acinetobacter,Actinomyces,Adlercreutzia,Akkermansia,Alistipes,Allisonella,Allobaculum,Anaerococcus,Anaerofilum,Anaerorhabdus,Anaerosporobacter,Anaerostipes,Anaerotruncus,Anaerovorax,Atopobium,Bacteroides,Barnesiella,Bifidobacterium,Bilophila,Blautia,Brevibacterium,Bulleidia,Butyricicoccus,Butyricimonas,Caldimonas,Caloramator,Campylobacter,Catenibacterium,Citrobacter,Clostridium_III,Clostridium_IV,Clostridium_XI,Clostridium_XVIII,Clostridium_XlVa,Clostridium_XlVb,Clostridium_sensu_stricto,Collinsella,Comamonas,Coprobacillus,Coprococcus,Corynebacterium,Cronobacter,Denitrobacterium,Desulfotomaculum,Desulfovibrio,Dialister,Dietzia,Dorea,Eggerthella,Enterobacter,Enterococcus,Enterorhabdus,Erwinia,Erysipelothrix,EscherichiaShigella,Ethanoligenens,Eubacterium,Faecalibacterium,Filifactor,Finegoldia,Flavonifractor,Fusobacterium,Gardnerella,Gemella,Gemmiger,Geosporobacter,Gordonibacter,Gracilibacter,Granulicatella,Haemophilus,Hafnia,Halomonas,Hespellia,Holdemania,Howardella,Klebsiella,Kluyvera,Lachnobacterium,Lactobacillus,Lactococcus,Lactonifactor,Leuconostoc,Lutispora,Marvinbryantia,Megamonas,Megasphaera,Methanobrevibacter,Methylobacterium,Micrococcus,Mitsuokella,Mobiluncus,Mogibacterium,Moryella,Murdochiella,Mycoplasma,Negativicoccus,Neisseria,Odoribacter,Olsenella,Oribacterium,Oscillibacter,Pantoea,Papillibacter,Parabacteroides,Paraprevotella,Parasporobacterium,Parasutterella,Parvimonas,Peptococcus,Peptoniphilus,Peptostreptococcus,Phascolarctobacterium,Porphyromonas,Prevotella,Propionibacterium,Proteus,Pseudobutyrivibrio,Pseudoflavonifractor,Pseudomonas,Pyramidobacter,Rhodococcus,Robinsoniella,Roseburia,Rothia,Ruminococcus,Saccharofermentans,Salmonella,Selenomonas,Shewanella,Slackia,Sneathia,Solobacterium,Sphingomonas,Sporanaerobacter,Sporobacter,Staphylococcus,Stenotrophomonas,Streptococcus,Subdoligranulum,Succinivibrio,Sutterella,TM7_genera_incertae_sedis,Tepidimicrobium,Tindallia,Tissierella,Turicibacter,Unassigned,Vampirovibrio,Varibaculum,Veillonella,Victivallis,Weissella,Zimmermannella
CNTRL20,90,0,3,21,0,70,1419,0,603,1,37,0,0,1,2,7,1,3636,203,1163,3,41,0,0,6,19,0,92,0,3,0,2770,87,491,67,217,0,111,140,0,0,132,0,0,0,38,0,0,0,11,17,3,3,115,0,2,4,30,20,846,0,0,34,0,1,0,289,0,0,158,0,0,0,0,1,5,0,1,0,2,294,0,1,0,12,0,0,2,0,0,0,0,0,1,0,0,0,0,0,73,2,0,1576,15,2,140,0,1,1,2,0,0,0,0,0,1761,1,0,37,20,0,0,0,0,632,2,675,1,0,0,0,17,0,6,3,0,77,0,2,163,2,0,1,7,0,0,0,17,1400,0,0,1,0,2,0
CNTRL23,0,3,0,1,0,29,69,0,1,0,1,1,0,10,0,1,0,579,4,82,7,39,0,0,1,1,0,4,0,0,10,833,27,48,64,87,0,51,102,0,0,68,1,14,6,2,0,0,0,91,0,13,36,0,4,0,14136,7,246,158,0,0,0,0,0,0,308,1,0,257,0,0,8,10,13,1,0,0,64,0,15,0,0,1,4,0,0,0,0,2,0,0,0,2,0,0,0,0,0,0,1,1,97,4,0,38,0,7,1,0,0,0,1,55,0,1,0,1335,0,0,0,0,0,3,22,0,91,2,4,0,8,22,0,0,0,0,12,0,0,63,0,0,0,0,0,1,0,5,677,0,0,0,0,0,0
CNTRL300,128,0,0,3,0,2,3,0,67,0,4,0,9,105,20,45,0,131,4,209,0,259,0,0,2,17,11,97,0,17,0,419,28,19,4,790,7,7,61,0,0,178,0,0,14,99,34,624,0,149,1,0,22,56,0,8,47,8,382,525,0,0,14,0,0,0,117,1,0,437,0,0,0,0,11,6,2,1,0,0,0,0,6,0,13,16,0,2,5,0,0,177,2,1,1,0,0,0,0,0,52,133,477,0,3,17,1,2,0,0,2,0,0,27,1,8296,0,0,2,31,0,0,0,8,39,0,661,10,0,3,0,16,0,95,0,2,145,0,0,13,1,1204,4,0,0,1,0,10,2565,26,0,1,50,0,0
CNTRL48,0,0,3,171,7,6,0,0,0,5,0,0,0,3,0,5,9,79,3,1999,0,616,0,0,3,0,0,132,0,4,0,17,0,490,1784,1086,0,7,0,0,0,19,3,0,1,0,0,0,0,267,153,0,124,0,0,0,88,0,7,45,0,2,0,0,0,42,1467,0,64,5,36,0,0,0,7,0,0,0,0,0,108,0,1,6,109,0,0,0,0,0,4,0,0,7,0,3,0,0,0,1,2,1,3,0,0,5,0,1,0,2,0,3,0,71,0,2,22,2,51,0,0,0,2,5,15,26,93,0,0,0,0,0,0,9,0,0,2,8,0,9423,4,0,0,15,1,0,0,1,1197,0,0,0,0,2,0
CNTRL52,5,0,1,3,5,2,76,4,323,0,99,0,2,3,0,0,0,512,13,7133,0,132,0,0,6,2,0,3,0,0,1,586,73,9,137,567,0,21,713,0,2,323,1,0,2,5,0,7,1,228,16,0,0,18,0,0,4,18,46,2311,0,0,2,0,0,5,1039,0,4,207,2,0,0,58,11,12,0,1,0,1,244,1,3,0,25,3,0,0,0,5,0,0,0,0,0,0,0,0,0,3,0,3,312,0,0,13,0,3,1,0,0,0,0,0,0,15,0,0,39,7,0,0,0,0,1001,4,1559,0,0,0,19,8,0,4,0,0,24,0,0,416,10,0,2,3,0,0,0,3,1493,0,0,0,0,0,0
CNTRL82,0,0,16,42,2,4,1,0,478,0,0,0,3,118,0,22,0,31,0,421,2,231,0,0,6,0,0,351,0,1098,7,217,19,1607,0,242,2,117,120,0,0,59,0,1,24,22,0,24,0,380,0,4,320,125,0,1,31,2,75,17,0,0,6,0,0,1,59,7,0,3728,0,0,0,26,13,1,0,0,0,0,4,2,1,1,11,2,0,0,596,0,0,0,1,1,0,0,0,0,1,0,16,0,1110,1,3,1,1,2,0,0,18,0,0,171,0,8,0,0,1,24,5,0,0,8,26,2,5134,31,0,0,9,4,0,78,1,1,116,2,1,17,0,0,1,1,0,3,0,0,2115,0,0,0,0,0,0
CNTRL89,4,0,0,22,93,1,6,0,0,0,1,0,0,82,0,0,0,49,2,6358,0,1375,0,0,11,0,0,3,0,1142,0,26,39,196,71,205,0,286,1321,0,1,373,1,1,60,0,0,2,0,312,5,2,291,2,0,0,53,3,120,35,0,0,0,0,0,2,1156,0,2,19,0,0,0,0,32,0,0,19,0,3,85,105,5,0,18,5,0,0,1,0,0,0,0,4,0,0,0,0,0,0,3,2,52,1,0,0,0,3,0,0,0,0,0,0,0,5,0,0,10,3,2,0,0,4,150,3,4735,0,0,0,0,22,0,0,0,0,13,1,0,401,2,0,1,0,0,0,0,38,529,0,0,0,0,0,0
CNTRLA1,0,4,0,58,13,952,24,0,39,0,1,0,3,383,2,12,7,1821,45,1171,0,420,0,0,6,0,0,16,0,21,0,143,63,2934,157,562,3,4151,397,0,3,441,0,1,5,2,0,79,0,234,103,0,5,6,0,0,3,0,169,141,0,0,5,0,0,5,319,3,5,38,0,0,0,0,42,1,1,0,0,64,29,11,4,0,20,2,0,0,1448,0,3,0,0,7,0,1,0,0,0,2,3,1,39,0,1,3,0,7,0,1,0,0,0,2,0,23,3,0,30,2,3,0,0,1,415,16,982,0,0,0,0,7,0,5,0,0,9,1,0,616,0,0,0,3,3,0,0,293,845,0,0,46,0,1,0
CNTRLA10,1,0,1,32,63,6,40,0,2,0,0,9,0,152,1,4,2,187,3,1871,1,4066,0,0,1,1,0,14,0,1,13,636,44,151,304,419,0,228,556,0,0,340,1,47,142,0,0,2,0,464,11,9,108,4,0,0,2770,0,466,121,0,0,1,0,0,6,1644,0,4,211,2,0,70,11,108,9,0,0,35,3,60,31,6,25,8,0,0,0,1,1,0,0,0,1,0,0,0,0,0,0,3,2,99,0,0,2,0,13,0,0,0,0,0,43,0,2,6,3,11,6,0,0,0,8,200,3,635,0,10,0,4,78,0,1,0,1,15,3,1,251,1,0,0,0,0,0,0,10,993,0,0,0,0,0,0
CNTRLA11,3,0,0,7,21,57,24,0,19,0,2,0,1,45,1,1,2,321,19,3986,0,2060,0,0,17,0,0,51,0,13,1,715,82,1292,31,559,9,235,546,0,0,380,1,0,121,7,2,98,0,472,5,4,14,17,0,0,271,7,185,448,1,1,0,0,0,1,1074,4,1,587,1,0,0,5,38,1,14,0,0,34,45,3,6,3,73,3,0,0,388,0,0,2,0,6,1,0,0,0,0,0,43,2,84,0,0,16,5,16,0,0,0,0,2,2,0,9,0,2,18,5,3,0,0,33,488,2,2764,3,0,0,3,35,0,0,0,1,18,0,0,86,0,2,0,2,0,0,0,46,1832,0,0,1,0,0,0
CNTRLA2,8,0,11,4,4,4688,230,0,2,0,34,13,0,47,1,5,13,553,66,4158,2,222,0,0,1,21,0,72,0,0,10,502,141,289,123,452,0,587,242,1,0,73,0,1,51,0,0,57,0,249,11,7,73,19,0,0,475,5,939,10,0,0,27,0,0,1,217,1,1,78,0,0,4,43,31,1,0,0,2,1,18,1,0,0,7,0,0,0,214,3,1,0,0,3,0,0,0,0,0,2,107,0,48,1,0,44,0,7,0,0,0,1,0,0,0,1,3,2,102,11,5,0,0,6,2748,1,442,0,1,0,9,14,0,0,0,0,12,0,2,17,1,0,7,0,0,1,0,15,1217,0,0,0,0,0,0
CNTRLA3,31,0,0,4,0,29,647,0,181,0,7,1,3,25,0,8,0,860,64,1604,4,152,0,0,2,11,0,41,0,0,15,1042,50,370,90,193,1,116,724,0,0,325,1,4,0,19,37,0,0,128,10,11,109,45,2,0,6977,10,104,388,0,0,8,0,0,1,431,0,0,107,1,0,3,7,6,0,0,1,24,2,1065,3,4,0,18,1,0,0,0,0,2,0,0,3,0,0,0,0,0,20,0,4,392,1,2,35,0,3,1,3,0,2,0,19,0,296,0,705,56,2,1,0,0,1,618,0,510,1,0,0,6,8,0,0,0,0,11,1,0,83,3,0,2,5,0,0,0,30,998,0,0,1,0,8,0
CNTRLA4,0,0,0,7,6,126,20,0,69,0,0,1,0,2,0,1,2,257,28,6778,1,43,2,0,0,4,0,17,0,1,8,518,2,307,165,37,0,85,43,0,0,28,1,10,22,0,0,2,1,22,1,6,6,86,0,0,685,1,9,26,0,0,1,0,0,7,274,0,1,9,1,0,20,62,0,0,0,0,5,0,8890,2,0,1,3,0,1,0,0,3,0,0,0,1,0,0,0,0,0,0,2,0,21,0,0,4,0,0,0,0,0,0,0,4,0,106,1,4,5,0,0,0,0,1,57,1,37,0,1,0,26,1,0,0,2,0,9,0,0,109,3,0,0,0,0,0,0,5,676,0,0,1,0,0,0
CNTRLA5,1,0,0,12,8,148,12,0,302,0,1,0,1,155,1,0,4,155,2,5434,0,1381,0,0,11,0,0,20,0,33,1,2229,13,1220,146,256,1,362,297,0,2,410,4,0,43,0,4,11,0,291,1,1,11,121,0,1,102,0,34,161,0,0,0,0,1,10,742,0,1,47,1,1,1,206,55,2,8,1,0,2,2100,125,4,0,32,5,0,0,50,9,1,0,0,7,0,0,0,0,0,1,1,0,4,0,0,4,0,18,0,0,0,0,0,5,0,140,2,1,8,1,4,0,0,19,200,4,162,0,0,0,51,5,0,93,2,0,5,4,0,1529,3,1,0,3,1,1,0,56,791,1,0,0,0,0,0
CNTRLA6,1,0,1,43,91,3,1,0,238,0,1,0,0,167,0,4,7,5,0,3651,0,1323,0,0,5,0,0,21,0,51,0,1310,67,2352,85,486,0,598,2755,0,5,171,1,1,71,0,1,0,0,181,78,0,15,15,0,0,3,2,182,196,0,0,0,0,0,6,2191,1,2,169,1,0,0,0,31,1,0,0,0,12,13,13,11,0,66,3,0,0,57,0,0,0,0,1,0,0,0,0,0,0,6,0,21,0,0,0,0,5,0,0,0,1,0,5,0,2,0,0,5,8,0,0,0,5,253,1,1348,0,0,0,1,58,0,0,0,1,27,7,0,347,7,0,0,6,1,1,0,60,1027,0,0,0,0,0,0
CNTRLA7,0,0,0,27,34,1,289,0,1608,0,0,0,2,11,0,3,2,1245,141,1815,0,925,0,0,11,2,0,153,0,3,0,6,3,16,291,243,0,2,674,0,0,174,0,0,10,0,0,21,0,66,5,1,13,0,0,1,9,0,116,1089,1,0,0,0,0,6,3572,0,2,79,0,0,0,0,11,1,0,3,0,0,1,20,5,0,17,4,0,0,0,0,0,0,0,1,0,0,0,0,0,7,1,2,58,0,0,103,0,3,7,1,0,0,0,0,0,4494,1,0,44,6,1,0,0,2,889,1,121,0,0,0,0,42,0,1,0,0,5,0,0,275,9,0,0,1,0,1,0,6,1180,0,0,0,0,0,0
CNTRLA8,56,0,0,9,7,1244,660,0,18,0,1,6,6,66,6,25,1,2653,459,686,8,280,0,0,5,99,4,160,0,8,0,179,31,89,497,396,4,26,183,0,0,197,0,0,54,49,15,430,0,112,1,0,143,31,0,1,112,4,229,498,0,0,7,0,0,3,934,0,2,223,6,0,0,0,18,7,3,0,2,1,87,0,5,3,12,7,0,6,0,0,0,40,0,8,0,0,0,0,0,31,32,35,443,0,5,42,0,4,2,1,3,0,0,7,0,4029,1,0,8,17,0,0,0,8,192,1,301,5,0,5,0,7,0,16,0,0,117,2,0,92,2,1160,2,1,2,1,0,19,1904,7,0,0,30,0,0
CNTRLA9,191,1,5,1,4,11,0,0,34,1,5,0,1,9,47,51,2,29,7,917,2,338,0,0,13,0,0,69,0,262,4,6277,121,117,0,329,9,214,594,0,1,578,5,2,91,37,0,39,0,188,1,5,61,100,0,33,435,17,343,200,1,0,8,0,0,0,941,0,1,108,1,2,1,229,8,1,36,0,0,0,11,2,2,0,17,3,0,1,826,4,0,48,0,0,0,0,0,0,0,1,390,3,691,1,2,1,0,4,0,0,1,0,0,0,0,23,2,1,2,17,1,1,0,3,108,0,2393,1,1,0,70,14,0,33,2,1,72,5,0,1,10,0,0,0,0,0,0,74,1937,1,0,0,0,12,0
CNTRLP1,8,0,0,15,4,37,206,0,1,0,98,62,4,36,0,9,7,987,9,3950,0,427,0,0,0,5,0,8,0,0,1,491,261,440,856,587,0,103,1416,0,0,277,4,0,34,0,0,0,0,372,11,4,352,0,0,0,84,8,736,948,0,0,0,0,0,2,2914,1,5,312,1,0,33,27,54,1,0,0,0,9,5,20,16,3,13,6,0,0,0,2,0,0,0,0,0,0,0,0,0,5,0,5,69,0,0,9,0,16,0,0,0,0,0,44,1,0,0,0,6,5,0,0,0,13,135,2,834,1,1,0,7,304,0,0,2,0,20,5,0,625,3,0,26,4,0,0,0,6,1513,0,0,0,0,0,0
CNTRLP2,7,0,2,8,1,91,301,0,10,0,1,14,3,23,0,3,3,1471,18,509,6,59,0,0,3,5,0,5,0,0,0,1358,62,828,195,164,0,104,111,0,0,105,2,1,26,0,1,0,0,89,5,14,49,0,1,0,4627,11,897,731,1,0,0,0,0,0,3894,0,0,483,5,0,10,52,8,39,0,0,112,0,190,1,2,1,13,1,0,0,0,3,0,0,0,0,0,0,0,18,0,2,0,7,116,0,0,8,0,1,0,0,0,3,0,225,0,1,2,8,2,1,1,0,0,3,54,1,503,0,1,0,21,67,0,0,0,0,19,1,0,510,4,0,0,1,0,0,0,130,1492,0,0,0,0,0,0
CNTRLP3,1,0,0,24,0,23,6,0,104,0,0,0,1,8,0,1,1,172,6,13424,1,274,0,0,2,0,0,5,0,191,3,502,14,1237,5,240,0,39,416,0,0,75,2,2,4,3,0,42,0,84,2,1,26,1,0,1,165,6,100,51,0,0,0,0,0,1,75,1,12,511,0,1,0,11,1,0,4,0,1,1,12,0,1,0,7,2,0,0,22,0,1,0,0,0,0,0,0,0,0,0,53,0,26,0,0,7,2,0,0,0,0,4,0,0,0,15,0,0,10,4,5,0,0,4,369,0,618,0,2,0,5,18,0,0,0,0,3,1,0,27,0,3,0,1,1,0,0,77,800,0,0,3,0,0,0
CNTRLP4,7,0,0,0,0,281,61,0,68,0,3,0,0,13,0,21,0,361,66,216,36,62,0,0,12,1,0,32,0,28,7,1266,7,39,12,110,10,50,32,0,0,45,10,3,2,51,0,132,0,21,1,6,11,8,0,1,8324,2,74,152,0,0,16,0,0,0,332,0,1,1496,0,2,2,6,8,2,5,1,52,1,0,2,0,0,58,1,0,0,340,0,0,0,0,0,0,0,0,0,0,1,0,1,1109,1,0,23,0,0,0,0,0,0,0,18,0,2,0,260,12,33,0,1,0,15,121,0,165,130,0,0,4,11,0,0,0,1,135,28,0,77,0,0,5,3,1,1,8,3,3693,92,0,0,0,0,0
CNTRLP5,0,9,0,52,0,30,42,0,0,2,2,0,12,41,1,5,3,2856,55,4253,3,462,0,0,5,0,0,76,0,1,0,11,17,278,1218,1611,8,7,27,0,1,414,0,0,0,1,0,188,0,72,36,0,99,0,0,0,44,1,66,161,0,0,6,0,0,6,842,0,16,0,15,0,0,0,12,1,1,1,0,0,165,1,1,14,70,0,0,0,0,2,0,0,0,1,0,0,0,0,0,7,0,1,77,0,0,7,0,5,3,0,0,1,0,39,0,1,0,0,78,0,0,0,0,1,652,6,882,0,0,0,0,0,0,4,0,0,6,2,0,3788,3,0,0,1,0,0,0,9,1037,0,0,51,0,0,0
CNTRLP6,11,0,0,6,6,2649,65,0,25,0,36,7,3,66,1,8,11,664,53,1379,0,664,0,0,3,35,0,204,0,194,3,672,103,208,133,348,0,291,1037,0,0,292,2,1,82,0,0,19,3,332,8,0,10,273,0,0,458,3,671,115,0,0,14,0,0,0,563,1,8,57,1,0,6,177,23,1,2,5,3,0,7,8,4,3,1,6,0,0,444,7,0,1,0,14,0,0,0,0,0,0,4266,1,51,0,0,64,0,9,0,0,0,0,0,5,0,7,5,0,29,3,1,0,0,8,602,0,410,0,0,0,60,81,0,3,2,0,14,2,0,71,0,0,2,1,1,0,0,7,1705,0,0,0,0,0,0
CNTRLP7,1,0,2,48,2,13,18,0,108,1,53,5,1,41,4,15,4,388,0,192,1,125,0,0,2,1,0,132,0,599,2,612,59,1872,50,259,2,113,69,0,0,81,2,1,21,35,0,7,0,160,0,2,39,100,0,0,101,2,322,122,0,0,1,0,0,0,896,6,0,3865,0,1,8,723,9,3,0,0,1,1,2,7,3,0,10,0,0,0,565,17,3,0,4,5,0,0,0,0,0,0,0,0,1279,0,1,3,0,2,0,0,5,0,3,77,1,5,4,1,3,38,2,0,0,13,80,0,3409,69,0,0,190,17,0,32,3,0,99,2,0,139,1,0,4,0,0,4,0,6,2180,0,0,1,0,3,0
HIV10,0,0,3,15,5,15,0,0,1868,0,0,0,0,2,0,20,0,3,0,5434,0,155,0,0,3,0,0,0,0,2,2,6,12,0,479,32,2,1,76,0,0,91,2,0,4,1,0,0,1,309,1,0,15,1043,0,0,28,0,8804,1,0,3,0,0,0,0,25,0,7,2,0,0,0,0,6,0,0,0,0,0,8,2,12,0,0,0,0,0,393,1,0,0,3,18,0,2,0,0,0,0,76,0,46,0,0,1,0,0,0,0,0,2,0,2,0,4,1,0,2,1,0,0,0,1,2,0,14,0,0,0,0,49,0,0,0,0,3,0,0,29,0,3,6,0,0,0,0,0,815,0,0,0,0,0,0
HIV12,0,0,7,50,1,4,0,0,2,0,0,0,0,0,1,0,4,3236,0,13,0,47,0,0,0,0,0,0,0,0,3,16,0,52,2169,452,0,2,2,0,0,5,1,62,0,0,0,0,0,23,0,25,9,0,87,0,6513,0,1,2,0,0,0,0,0,2,7,0,0,2,6,0,1,8,105,0,23,610,9,0,17,0,165,0,0,0,0,1,0,2,0,0,0,0,0,0,0,0,0,0,2,0,1,10,1,1,0,1,0,1,0,0,0,0,0,3,0,3,1,0,2,0,0,6,4,51,46,0,141,0,6,0,0,0,0,0,0,0,1,297,0,0,0,6,0,0,0,1,5374,0,0,275,0,0,0
HIV13,1,0,0,47,1,0,1,0,1727,0,0,0,0,4,0,0,0,16,0,4654,0,860,0,0,0,0,0,0,0,7,1,24,1,2,3489,145,0,1,94,1,0,14,1,0,4,0,0,0,0,1937,1,0,12,27,0,0,32,0,5007,5,0,0,0,1,0,1,84,0,4,9,0,0,0,6,36,1,4,3,0,1,4,2,7,0,2,1,0,0,20,0,1,0,0,2,0,0,0,0,0,0,3,0,28,0,0,1,0,1,0,0,0,0,0,0,0,6,1,2,11,0,0,0,0,15,97,3,53,0,0,0,1,11,0,0,0,0,1,0,0,49,0,1,6,0,0,0,0,0,1390,0,0,2,0,0,0
HIV16,0,0,0,1,0,0,0,0,0,0,0,0,0,17,3,0,0,571,0,0,0,283,0,0,0,0,0,0,0,0,1484,129,3,92,94,351,0,19,0,0,9,24,0,120,0,0,0,0,0,1,0,37,44,0,7,0,5245,0,0,1,0,0,316,0,0,0,3224,0,0,0,3,0,1175,0,7,0,0,233,780,0,2444,1,0,15,29,0,0,0,0,0,0,0,0,0,0,0,0,0,0,0,0,0,4,3,0,1,0,0,0,0,0,0,0,0,0,1,0,5,1,1,0,0,0,0,100,4,434,0,86,0,0,0,0,0,0,0,0,2,0,1358,0,0,0,0,0,0,0,0,1182,0,0,0,0,0,0
HIV17,8,0,7,2,1,1,37,1,107,3,1,1,8,11,0,5,0,494,7,9,0,367,0,0,38,0,0,102,28,541,2,97,9,315,22,546,4,4,131,0,0,1066,0,0,2,0,19,231,1,162,0,0,5,44,0,0,546,0,105,3332,0,0,16,0,0,1,486,0,0,75,1,0,0,0,11,0,9,0,1,0,1523,1,0,0,7,1,0,0,0,0,0,0,0,11,0,0,0,0,0,0,18,7,1717,0,0,0,0,12,0,60,0,1,2,52,0,5718,1,1,1,17,1,0,0,4,134,0,88,4,0,0,0,7,41,48,0,0,6,6,0,29,0,0,3,0,0,1,0,4,1432,1,0,0,0,1,0
HIV18,15,0,0,72,0,0,116,0,14,0,0,0,1,1,0,1,1,286,122,65,1,90,0,0,0,0,0,84,0,130,15,2753,61,92,0,132,90,3,402,0,0,47,0,2,15,0,20,18,0,41,1,12,71,126,2,0,10344,0,81,21,0,0,36,0,0,0,467,0,0,44,1,0,1,0,5,0,5,0,39,10,25,1,0,0,11,9,0,0,0,0,0,0,0,6,0,0,0,0,0,0,179,8,2649,0,2,2,0,0,0,0,0,0,0,1,0,28,0,5,0,21,0,10,0,1,9,0,52,13,1,0,0,8,0,19,0,0,20,0,1,25,2,0,0,0,1,0,0,0,892,0,0,0,0,0,0
HIV19,2,0,0,3,0,3,115,0,0,3,0,0,0,1,1,0,2,2009,11,5089,3,34,0,0,3,19,0,11,0,0,2060,7,9,6,5,92,0,0,448,0,3,7,4,32,5,0,0,0,0,2,4,20,3360,0,4,0,3973,0,53,29,0,2,4,0,0,0,81,0,5,0,0,0,1,0,8,0,0,14,42,0,279,372,1,0,2,0,0,0,0,0,0,0,0,0,0,0,0,0,0,3,26,0,34,0,0,68,0,0,0,0,0,0,0,106,0,6,0,27,0,0,0,0,0,0,7,0,43,0,49,0,0,0,0,0,0,0,12,0,0,48,1,0,0,0,0,0,0,1,1234,0,0,73,0,0,0
HIV20,0,0,2,17,9,6,32,0,329,0,2,0,0,1,0,1,2,635,16,3139,0,359,0,0,0,1,0,9,0,1113,9,2,48,971,1,134,1,23,720,0,1,41,3,0,472,0,6,9,0,1004,7,3,20,473,0,0,20,1,68,250,0,0,0,0,0,0,1998,0,3,2,0,4,3,0,8,3,5,2,0,0,459,2559,2,1,6,0,0,0,5,0,0,0,0,0,0,0,0,0,1,4,379,0,34,0,0,100,0,1,2,0,0,2,0,2,0,2118,3,0,1,3,0,0,0,5,134,1,192,0,1,0,0,217,0,0,1,0,12,3,0,11,5,18,0,2,0,0,0,704,979,0,0,2,0,0,0
HIV21,0,0,0,23,0,0,1,0,0,1,0,0,0,1,0,0,6,475,0,6253,24,428,0,0,0,0,0,0,0,0,0,1,11,3,24,103,0,68,98,0,0,1,0,0,0,0,3,0,0,0,218,1,1005,0,0,0,74,0,0,0,0,0,2,0,0,1,3,0,0,0,2,0,0,0,0,0,0,1,2,0,88,5,0,1,0,0,0,14,0,0,0,0,0,0,0,0,0,0,0,0,2,0,1,0,0,152,0,0,0,0,0,0,0,0,0,3,1,0,0,0,0,0,0,20,2,3,4,0,0,0,0,0,0,1,0,0,0,0,0,10553,0,0,0,4,0,0,0,0,177,0,0,126,0,0,0
HIV22,8,1,1,9,0,0,8,0,416,0,1,0,0,1,0,1,2,1039,0,314,3,201,0,0,1,1,0,10,0,814,14,1785,31,1,2,91,0,2,198,1,0,97,0,1,84,0,3,0,0,35,1,18,168,64,0,0,9287,2,0,1415,0,0,0,0,0,0,796,0,1,3,1,0,2,0,12,27,5,0,20,0,2,37,0,16,1,0,0,0,0,0,1,0,1,2,0,0,0,0,0,0,299,0,29,2,0,10,0,0,0,0,2,0,0,50,0,117,0,24,2,0,1,0,0,0,109,3,30,0,9,0,0,69,0,4,0,0,0,1,0,160,1,14,0,1,0,0,0,0,634,0,0,0,0,1237,0
HIV23,0,0,2,4,0,0,73,0,7,0,0,0,0,0,0,0,0,89,1,19,0,301,0,0,0,0,0,0,0,0,1,3,0,0,919,21,0,0,5,1,7,1,0,0,2,0,0,1,0,1,1,1,16728,0,0,0,65,0,0,24,0,0,0,0,0,0,90,0,0,0,0,0,1,0,0,0,0,0,0,0,768,1,0,3,0,0,0,0,0,1,0,0,0,0,0,0,0,0,0,0,0,0,1,0,0,311,0,0,0,0,0,0,0,0,0,5,0,0,0,1,1,0,0,2,1,0,34,0,0,0,1,0,0,0,0,0,0,0,0,94,0,0,0,0,0,0,0,1,389,0,0,0,0,0,0
HIV25,0,2,5,0,0,8,0,0,0,0,0,0,0,0,1,0,0,131,0,41,1,5,0,0,0,0,0,13,2,2,4,8,2,0,2,29,0,0,0,1,0,0,0,0,10,0,0,0,0,0,355,2,951,11,0,0,4635,0,3,85,0,0,0,0,0,0,818,0,2,0,0,0,0,1,1,0,0,0,10,0,8747,0,0,2,1,0,0,0,0,0,0,0,0,1,0,0,0,0,0,0,5,0,13,0,0,26,0,0,0,1,0,0,0,0,0,5,0,18,0,0,0,0,0,0,0,0,3,0,0,0,0,4,0,0,0,0,1,0,0,1078,2,0,0,0,0,0,0,0,2910,0,0,0,0,2,0
HIV26,37,0,3,12,0,2,40,0,4,2,2,0,0,0,3,0,1,2098,1,143,12,90,1,0,4,1,0,59,0,1,12,50,8,1,0,260,1,0,135,1,1,3,0,0,14,20,35,49,0,15,25,3,5828,83,0,0,8471,5,42,333,0,2,2,0,0,0,143,0,0,9,0,0,2,0,14,0,1,0,40,0,88,3,0,2,1,0,0,0,0,0,0,0,0,6,2,0,0,0,0,3,18,0,791,0,1,25,31,0,0,2,0,1,0,1,0,114,0,5,1,13,0,0,0,16,5,1,59,1,0,0,0,26,0,5,0,0,25,0,0,141,0,4,0,1,0,1,0,0,472,0,0,0,0,0,0
HIV27,11,0,5,7,1,0,109,0,0,0,1,0,7,194,1,0,1,5002,284,3,8,523,0,0,77,12,0,24,0,0,552,65,42,10,3,1172,1,1,180,0,0,261,0,171,28,0,0,12,0,444,11,65,160,90,0,0,1725,8,25,651,0,0,13,0,0,1,982,0,0,1,0,0,2333,0,56,18,0,0,111,4,0,1,8,3,11,7,0,0,2,0,0,0,0,0,0,0,0,0,1,11,0,5,150,1,1,425,0,9,4,0,0,0,0,0,0,286,0,2,6,26,0,0,0,1,396,4,327,0,10,0,0,53,0,0,0,0,20,0,0,211,5,0,0,0,1,0,0,0,2486,0,0,2,0,0,0
HIV28,14,0,7079,30,0,0,62,0,0,117,1,0,0,4,6,9,5,287,7,6,0,40,0,0,3,9,0,2,0,0,6833,99,29,6,5,420,1,3,393,1,0,12,6,1,24,5,0,10,0,30,58,42,103,16,2,0,109,4,238,11,0,17,2,0,0,0,33,0,2,97,0,0,181,0,15,0,4,3,4,3,2,0,2,0,2,1,0,0,151,0,0,0,5,0,0,0,0,0,0,5,1,1,575,0,1,58,0,1,0,0,5,44,8,0,26,25,0,5,0,11,0,0,0,1,1,0,114,1,0,0,0,0,0,0,0,0,48,0,5,76,0,0,0,0,0,0,0,4,1563,0,0,1,0,0,0
HIV29,44,0,4,5,11,1522,363,0,159,3,0,2,0,2,1,2,19,568,126,1107,3,67,0,0,1,24,0,7,0,0,227,20,41,129,6,82,0,339,237,1,1,52,0,137,27,4,6,44,0,14,2,787,2403,1,11,0,8305,0,271,70,0,0,1,0,12,0,123,1,0,66,0,0,4,2,5,0,1,8,63,40,63,1,1,1,2,0,0,0,360,0,0,0,1,1,0,0,0,0,0,11,196,0,317,0,0,41,0,0,0,9,0,3,0,4,0,23,0,8,0,3,3,0,0,2,4,0,223,0,97,0,4,7,0,0,0,0,25,0,0,88,2,1,0,0,2,0,0,21,855,0,0,0,0,0,0
HIV3,1,0,4,73,9,4,0,0,1441,0,1,2,2,30,0,3,5,15,0,375,0,567,0,0,12,0,0,4,0,2047,2,29,15,462,4,268,0,142,2368,0,0,148,0,1,280,2,0,22,0,373,2,1,654,504,0,1,38,0,207,1,0,0,2,0,0,5,11,1,7,55,0,0,0,2,28,14,16,0,0,63,7,5,2,9,78,0,0,0,5630,0,0,0,0,36,0,0,0,0,0,1,249,1,29,0,0,0,0,3,0,0,19,0,1,1,0,1,1,0,5,8,398,0,0,5,69,1,452,1,0,1,0,74,0,63,0,0,12,3,31,161,0,2,0,7,0,0,0,1,2169,7,0,0,0,1,0
HIV30,5,1,6549,0,0,19,2,0,12,0,0,0,5,238,0,0,1,1458,0,2125,0,214,0,0,1,0,0,0,0,0,18,1,10,9,16,347,1,153,65,2454,3,37,0,15,0,0,0,17,0,119,31,5,87,0,1,0,2434,1,189,294,0,2,10,0,0,0,164,0,6,0,0,0,2,0,33,5,0,0,4,0,11,0,1,0,10,0,0,0,0,0,0,0,0,0,0,0,0,0,0,0,0,1,14,0,0,1,0,4,0,0,0,0,0,0,0,0,0,4,6,2,1,0,2,0,192,0,135,0,3,0,0,0,0,0,0,0,0,2,0,12,4,1,2,3,0,0,0,0,1076,0,0,0,0,0,0
HIV31,2,0,2,9,0,4841,72,0,5,1,0,0,0,30,1,0,4,3429,0,2,28,38,0,0,8,16,0,0,0,0,2,3,30,6,3,655,5,0,1,0,50,398,0,11,0,0,1,3,0,1,57,3,3,0,0,0,7556,0,90,2,0,6,25,0,1,0,19,0,0,18,0,0,1,1,56,0,0,0,5,0,1,0,0,0,0,0,0,0,6,0,0,0,0,0,0,0,0,0,0,0,0,0,33,0,0,165,15,0,42,0,0,2,0,246,0,15,0,58,0,11,0,0,0,2,390,0,76,0,8,0,0,1,0,2,0,0,10,1,0,70,0,0,0,1,0,0,0,3,1322,0,0,3,1,0,0
HIV32,2,0,3,38,0,3,0,0,1,1,0,0,0,0,0,0,12,6,0,32,0,60,0,0,1336,0,0,0,0,0,11,4,19,254,5,811,0,2625,0,2,7,3,1,2,0,0,0,0,1,1,84,21,1683,0,4,0,9589,0,6,2,0,0,0,0,0,2,160,0,0,2,5,0,0,60,7,0,0,0,51,0,793,3,6,0,1,0,0,1,0,6,1,0,0,0,0,0,0,0,0,0,5,1,2,0,0,1,0,0,0,2,0,0,1,0,0,1,0,12,3,1,3,0,5,0,10,2,13,0,1,0,26,1,0,5,1,0,0,2,1,1788,0,1,0,26,0,0,0,0,297,0,0,0,0,0,0
HIV33,0,1,13,2,0,1,13,0,2,0,0,0,0,1,0,0,0,471,1,581,0,76,0,0,6,0,0,0,0,109,8,12,2,2,2,30,1,1,126,2,1,45,0,2,4,0,1,0,0,36,0,8,71,15,0,0,8116,0,4,29,0,0,2,0,0,0,40,0,0,4,1,0,0,36,1,0,1,0,14,0,28,1,0,0,6,0,0,0,2,3,0,0,0,0,0,0,0,0,0,0,0,0,3,4,0,4,0,0,2,0,0,2,1,2,0,1,0,6,10,1,2,0,0,0,163,0,22,0,0,0,13,20,0,0,0,0,0,1,4,9707,0,2,3,0,0,0,0,0,83,0,0,1,0,0,0
HIV34,3,20,18,2,0,3,127,0,2,0,1,0,0,2,141,15,0,984,3,51,4,35,0,0,0,2,0,2,0,1,6137,30,49,2,30,278,2,117,144,1,2,71,0,49,4,1,41,8,0,7,20,3809,1337,22,7,0,820,0,356,72,0,5,5,1,0,0,67,0,3,28,35,0,3,34,10,4,44,60,92,1,9,0,0,2,1,0,0,0,221,3,0,0,0,0,1,0,0,0,0,39,0,0,421,45,5,282,2,0,0,0,0,0,0,4,0,14,0,9,1,9,648,0,1,0,14,4,172,5,32,0,9,5,0,0,0,0,4,3,1,96,0,0,0,0,0,0,0,7,2590,0,0,2,0,0,0
HIV35,0,9,5,1,0,1,1,0,0,0,0,0,0,0,0,0,0,2229,0,1313,1,49,0,0,0,0,0,0,1,0,8348,0,0,17,4,75,0,7,0,0,0,17,4,226,0,0,1,0,0,198,0,258,285,0,2,0,1217,0,1,24,0,0,0,0,0,0,4,0,0,0,0,0,0,9,2,0,0,15,90,0,3417,7,0,1,0,0,0,0,0,0,0,0,0,0,0,0,0,0,0,0,0,0,0,11,0,326,0,0,0,0,0,1,0,9,0,1,0,29,1,0,3,0,0,0,218,0,6,0,28,0,2,0,0,0,0,0,0,0,73,21,0,1,0,0,0,0,0,0,961,0,0,0,0,360,0
HIV36,0,0,1,21,0,4,1,4,0,1,0,0,0,1,0,0,0,2389,0,1482,4,40,0,0,1,0,0,0,0,0,5,1,0,23,8,139,0,4,45,0,1,14,0,6,0,0,0,0,0,7,18,8,2748,22,0,0,9602,0,1,7,0,0,0,0,0,0,0,0,0,0,0,0,3,6,4,0,0,0,109,0,16,39,0,6,14,0,0,0,0,0,0,0,0,0,0,0,0,57,0,0,0,0,1,0,0,0,0,0,0,0,0,3,0,0,0,0,0,4,1,0,1,0,0,0,81,1,4,0,1,0,3,0,0,1,1,0,0,0,0,2824,0,1,0,3,0,0,0,0,188,0,0,6,0,5,0
HIV37,5,7,4,0,0,0,4357,0,1,0,0,0,0,8,1,0,0,6527,0,127,122,179,0,0,7,0,0,0,0,2,7,2,63,18,38,439,1,1,1,0,6,37,2,13,0,0,0,0,1,18,100,3,4860,1,0,0,45,2,5,3,0,0,5,0,0,0,328,0,31,0,0,0,1,34,24,8,0,22,2,0,9,11,4,7,5,0,0,0,0,2,0,0,0,0,0,0,0,0,0,0,0,1,9,0,0,409,0,2,0,0,0,0,0,46,0,1,1,0,4,1,1,0,0,1,201,0,14,0,3,0,15,0,0,0,1,0,0,0,0,134,3,0,1,0,0,0,0,0,1629,0,0,0,0,1,0
HIV38,0,0,1,2,0,3,89,0,0,0,1,0,0,0,0,0,0,12361,0,4215,0,225,0,0,2,0,0,0,0,1,1,3,24,1,0,298,5,0,23,0,0,86,1,0,0,0,0,0,0,18,12,1,5,0,0,0,31,0,7,295,0,1,26,0,0,0,71,0,1,0,0,0,0,27,10,0,0,0,0,0,3,0,0,3,0,1,0,0,0,3,0,0,0,0,0,0,0,0,0,0,0,0,1,0,0,156,92,0,10,0,0,0,0,0,0,128,1,1,1,1,1,0,0,0,9,1,128,0,0,0,7,43,0,0,1,0,1,0,0,118,1,0,29,0,0,0,0,0,1390,0,0,2,0,4,0
HIV39,0,0,0,2,0,2,2,0,0,0,1,0,0,0,0,0,1,873,0,4,0,21,1,0,3,0,0,0,0,0,7,0,41,17,0,92,0,1,2,0,0,0,1,2,0,0,0,2,2,0,0,14,14,0,2,0,18445,0,0,0,0,0,4,0,0,0,37,0,0,0,0,0,0,5,15,0,0,0,15,0,0,8,0,1,0,0,0,0,1,0,0,0,0,0,0,0,0,0,0,0,0,0,0,2,0,1,0,0,0,0,0,0,1,1,0,1,0,8,0,0,0,0,0,0,5,1,3,0,4,0,1,0,0,0,0,0,0,1,0,30,0,0,0,0,0,0,0,1,275,0,0,18,0,0,0
HIV4,0,0,6,65,12,6,2,0,2622,0,0,0,0,28,1,0,4,14,0,675,1,697,0,0,4,0,0,0,0,3310,7,15,8,320,6,396,1,130,3114,0,0,169,1,0,354,0,0,0,0,474,22,3,302,508,0,1,51,1,74,0,0,0,0,0,0,0,4,0,5,32,1,0,0,2,34,7,45,1,0,2,6,4,4,10,2,3,0,0,2395,2,0,0,0,31,0,0,0,0,0,0,530,0,6,0,0,1,0,0,0,0,3,1,0,0,0,1,2,0,4,1,3,0,0,8,69,0,140,0,0,0,0,30,0,78,1,0,4,1,123,142,0,1,0,3,1,0,0,1,2533,4,0,0,0,0,0
HIV5,1,0,1,4,54,11468,11,0,1,0,1,0,0,7,1,1,1,16,0,94,0,361,0,0,0,0,0,1,0,1,0,799,62,4,86,131,2,3,12,0,1,88,0,0,7,0,0,1,0,47,45,15,7,2,0,0,30,2,42,25,0,0,1,2,2,0,444,0,0,8,0,0,0,0,18,2,0,0,0,1,157,2,0,1,48,1,0,1,2,1,0,0,0,0,0,0,0,0,0,0,1,0,152,0,1,1,0,3,0,0,0,0,0,0,0,2,0,1,11,10,0,0,0,3,191,4,52,0,0,0,0,23,0,0,0,0,14,0,0,4615,0,1,0,0,0,0,0,1,772,0,0,0,0,2,0
HIV6,0,0,9,23,3,18,1,0,1,0,1,0,1,60,0,0,2,12,0,6877,0,804,0,0,2,0,0,4,0,216,0,8,18,563,8,362,0,379,2752,0,0,476,0,1,1,0,0,0,0,716,27,1,3,279,0,0,69,1,83,32,0,0,0,2,0,12,920,0,10,9,5,0,0,12,37,0,0,0,0,5,1152,0,10,0,0,1,0,0,0,0,0,0,0,2,0,0,0,0,0,0,333,0,9,0,0,1,0,3,0,1,0,2,0,0,0,1,0,2,13,0,2,0,0,4,279,1,279,0,0,0,6,0,0,1,1,0,0,0,0,985,6,0,1,2,0,0,0,22,1948,0,0,0,0,0,0
HIV8,0,0,4,43,3,7,0,0,3257,0,0,0,1,6,0,0,5,9,0,193,0,1739,0,1,0,0,0,9,0,23,5,11,23,152,6,590,0,6,1279,0,0,61,0,0,83,0,0,0,0,1783,3,0,74,376,0,1,26,0,84,4,0,0,1,0,0,2,198,0,5,3,3,0,0,1,120,3,0,1,0,0,17,2,23,0,1,11,0,0,2,1,0,0,0,4,0,0,0,0,0,0,49,2,0,0,0,1,0,0,0,1,20,0,0,0,0,1,3,0,6,0,1,0,0,81,42,21,971,0,0,0,0,91,0,96,0,0,0,0,3,4751,0,0,0,4,0,0,0,3,2875,0,0,0,0,1,0
SRR1159399,11,1,1,0,0,58,524,0,0,276,0,0,77,55,0,12,0,2328,10,32,95,558,0,0,0,175,0,0,4795,0,0,60,6,52,60,427,33,76,1,0,0,2,24,8,0,0,0,779,0,53,0,2,0,0,1,0,2135,0,207,210,0,107,0,0,0,0,62,0,0,0,0,0,0,0,0,1,0,0,0,0,0,0,0,0,1,0,0,0,0,0,0,0,299,112,0,313,0,0,0,78,0,0,686,5,37,359,0,6,83,0,0,124,1,0,1398,1274,0,0,0,0,0,0,1,0,269,0,431,0,0,0,0,0,0,0,0,0,228,31,0,0,0,0,0,0,99,0,0,32,763,0,13,3,0,0,0
SRR1159402,0,0,230,0,0,0,809,0,24,19,0,0,0,0,0,0,0,920,717,0,0,260,0,0,0,104,0,0,193,208,0,0,0,0,0,571,377,0,19,0,0,0,0,0,0,0,171,572,1,178,0,0,19,22,0,0,0,0,24,645,0,0,37,751,0,0,59,0,0,0,0,2,0,0,0,0,0,0,0,0,0,0,0,0,0,0,0,602,0,0,0,34,0,27,0,0,0,0,0,4,0,0,517,0,0,9,71,0,0,0,0,131,0,0,390,8768,0,0,0,0,0,0,68,0,696,0,482,0,0,0,0,0,0,0,5,0,8,0,50,0,0,4,264,0,0,0,0,0,425,0,121,0,0,0,0
SRR1159405,0,0,194,0,0,0,1,0,117,0,0,0,18,79,0,0,0,265,164,0,0,333,0,0,0,0,0,0,2,115,0,4,0,3,0,1331,0,0,2,0,0,9,0,0,0,0,134,251,0,103,0,0,1,0,0,0,0,0,2,308,0,0,0,1,0,0,479,0,0,0,0,73,0,0,0,140,0,0,0,0,0,0,0,0,0,1,0,0,0,0,0,60,0,125,0,0,0,0,0,1,0,0,34,0,0,0,43,2,0,0,0,1,0,62,1,14175,0,0,0,0,0,0,18,0,602,0,95,0,0,0,0,0,0,0,0,0,10,0,0,288,2,0,19,0,0,0,0,0,168,0,0,0,0,0,0
SRR1159408,0,0,178,0,0,0,1,0,0,1,0,0,992,1409,0,0,0,228,5,4,126,1741,0,0,0,75,0,0,5,0,0,0,0,2209,352,1530,1,0,0,0,0,1076,75,0,0,0,0,0,0,1054,0,0,0,0,0,0,12,0,2,2314,1,9,0,39,0,0,94,0,0,0,0,3,0,0,14,0,66,0,0,0,0,0,0,0,0,0,601,0,0,0,0,0,0,0,0,0,0,0,0,0,0,1,0,0,0,33,19,15,0,0,1,119,13,1,7,1393,0,0,0,0,0,0,9,0,2113,0,207,0,0,0,0,0,0,0,0,0,0,1,0,0,0,0,149,0,0,0,0,0,240,0,0,0,0,0,1103
SRR1159411,2,1869,28,0,0,103,147,115,0,51,2,0,109,272,0,0,2,4197,248,784,0,1731,0,0,0,0,0,0,535,0,0,0,0,8,0,1040,53,0,54,0,0,299,9,0,0,0,117,15,0,268,0,0,0,24,0,0,14,0,24,433,0,99,61,55,0,0,656,0,0,0,0,18,0,0,18,0,0,0,0,0,0,0,0,0,66,2,0,0,0,0,0,1960,0,21,0,0,0,0,0,0,0,0,225,0,1,725,274,1,0,0,55,111,0,378,5,524,0,0,0,0,0,0,20,0,955,0,700,0,0,1,0,0,17,0,0,0,71,12,0,17,5,0,22,0,0,0,0,0,329,0,10,1,0,0,0
SRR1159414,0,429,5,6,0,49,25,0,0,2521,0,0,0,6,0,0,0,1670,2,27,0,11,30,0,0,0,0,0,950,0,0,20,0,1,0,98,0,66,1,0,0,1,98,0,0,0,0,295,50,10,0,0,0,0,0,0,41,0,478,197,0,245,2,0,0,0,0,0,0,0,0,0,0,0,0,0,0,0,0,0,0,0,0,0,0,0,2,0,0,1,0,0,34,159,0,188,0,0,0,1,0,0,69,0,0,45,0,0,1,0,122,864,1,159,5179,4015,0,0,0,0,0,0,16,0,10,0,106,0,0,0,0,0,0,0,0,0,37,0,0,69,1,0,0,0,184,0,0,2,1082,1,178,54,0,0,0
SRR1159417,0,0,164,0,0,255,1,0,928,124,0,0,622,24,0,1,0,11,0,0,0,485,0,0,0,3,0,0,17,140,0,0,0,0,0,3149,0,57,0,0,0,1,25,0,0,0,0,26,201,16,0,0,0,0,0,0,12,0,11,87,0,9,8,2,1,2,0,0,0,0,0,0,0,0,0,0,0,0,0,0,0,1,0,0,0,0,2,0,0,2,0,0,0,0,0,0,0,0,0,2,0,0,453,0,0,2,0,1,0,1,0,430,0,1204,94,8333,0,0,0,0,872,0,101,0,515,0,80,0,0,0,0,0,0,0,1,0,1,0,0,4,0,324,7,0,2,0,0,0,313,33,0,0,0,0,0
SRR1159420,0,0,18,0,0,1223,915,0,104,400,0,2,180,126,0,60,0,2927,144,1,67,443,0,0,0,161,0,0,663,0,0,51,0,5,0,1052,79,0,0,0,0,75,4,1,0,0,77,1173,0,636,0,0,0,0,0,0,88,0,102,539,0,41,0,5,12,0,5,0,0,0,0,0,0,0,1,0,0,0,0,0,0,0,0,0,0,0,1,0,0,0,0,0,0,21,0,0,0,0,0,173,0,0,1949,0,0,621,0,5,0,0,0,99,107,1,888,1336,0,0,0,0,0,0,130,0,1239,0,241,0,0,0,0,0,0,0,0,0,254,0,82,152,0,0,11,0,0,0,0,0,1007,0,0,0,0,0,0
SRR1159423,0,0,241,0,0,275,211,0,0,16,0,0,0,0,0,0,0,3202,5,0,244,182,0,0,0,0,0,0,423,0,0,6,0,0,0,1328,7,0,0,0,0,351,5,0,0,0,0,1858,18,0,0,0,0,0,0,0,3,0,22,204,0,38,0,440,5,1,0,0,0,0,0,0,0,0,0,0,0,0,0,0,0,0,0,0,0,0,0,0,0,0,0,0,0,0,0,22,0,0,0,0,0,0,2874,0,0,47,0,0,0,0,0,1,2,0,354,6104,0,0,0,0,3,0,6,0,130,0,111,0,0,0,0,0,0,0,0,0,0,7,0,21,0,0,12,0,41,0,0,0,1005,0,20,22,0,0,0
SRR1159426,0,0,510,0,0,275,92,0,0,37,0,0,19,35,0,0,1,3849,167,1,94,648,0,0,0,0,0,0,547,1,0,14,0,0,0,2742,0,244,1,0,0,127,0,0,0,0,0,5,137,25,0,0,0,0,0,0,107,0,458,749,0,3,0,1032,0,0,862,0,0,0,0,0,0,0,0,0,42,0,0,0,0,0,0,0,0,0,2,0,0,0,0,0,1,0,0,0,0,0,0,264,0,0,701,0,0,1,0,1,97,0,0,443,236,126,1961,2673,0,0,0,0,1,1,20,0,196,0,32,0,0,0,0,0,0,10,0,0,1,0,0,29,7,0,0,0,0,0,0,0,157,0,104,0,0,0,0
SRR1159428,0,1,43,5,0,0,1,0,1,278,0,0,1,1,0,0,776,3785,1123,0,0,4,0,0,0,0,0,0,118,0,0,1,0,0,0,2,0,1,0,0,0,0,33,4,0,0,1,38,0,0,0,0,0,0,0,0,1320,0,0,2,10,0,0,2395,76,55,0,0,0,0,0,0,0,0,0,0,0,0,0,0,0,0,0,0,0,0,0,1,0,0,0,1,0,0,0,0,165,0,0,1,0,0,3,1,0,0,0,0,0,134,18,46,397,0,420,2736,0,0,0,0,1,1,4,0,8,0,2,0,0,2,0,0,4950,0,0,0,0,0,2,0,0,0,0,0,7,0,0,0,26,1,0,0,0,0,0
SRR1159431,0,292,638,0,0,48,0,0,4,88,0,0,0,0,0,0,0,0,94,1,0,1471,0,0,0,0,0,0,109,12,0,1,0,10,0,117,0,5,0,0,0,0,0,0,0,0,0,2189,0,1,0,0,0,0,0,0,0,0,0,131,0,0,0,0,0,0,46,0,0,0,0,0,0,0,0,3,0,0,0,0,0,0,0,0,0,0,0,0,0,0,0,127,0,0,0,0,0,0,0,0,0,0,112,0,0,0,0,0,0,0,1,0,0,0,0,11093,0,0,0,0,851,0,59,0,1607,0,59,0,0,2,0,0,0,0,16,0,0,0,174,3,0,356,0,0,1,0,0,0,250,0,0,0,0,0,0
SRR1159434,0,0,936,2,0,0,0,0,96,154,0,0,17,0,0,0,0,89,6,3,0,392,0,0,0,66,0,0,2027,19,0,235,0,0,0,328,0,0,1,0,0,205,0,0,0,0,0,240,12,12,0,0,0,0,0,0,0,0,342,405,107,0,0,2077,0,0,0,0,0,0,96,0,0,0,0,19,0,0,0,0,0,0,0,0,0,0,0,56,0,0,0,9,97,10,4,1,0,0,0,0,0,4,476,0,0,0,0,0,0,1395,7,113,1,235,820,7184,0,0,0,0,25,0,1,0,5,0,183,0,0,104,0,0,0,0,0,0,56,0,1,0,0,100,0,0,0,0,0,0,765,0,189,0,0,0,0
SRR1159437,1,0,29,0,0,0,307,0,0,97,0,14,6,218,0,0,0,1757,1,0,4,543,0,0,11,0,0,0,2,0,0,0,0,230,127,1125,3,29,0,0,26,539,0,0,0,0,0,387,1,44,0,0,0,0,0,0,54,0,0,1730,0,183,27,0,0,0,0,0,0,0,0,1,0,0,0,0,1,0,0,0,0,0,0,0,0,0,0,0,0,0,0,0,0,0,0,0,0,0,0,28,0,0,22,0,0,0,0,40,46,0,0,1358,289,0,942,4477,0,0,0,0,0,0,3,0,4587,0,219,0,0,0,0,0,2,0,0,0,0,0,2,370,0,0,0,0,0,0,0,0,56,0,3,24,0,0,0
SRR1159440,0,0,140,0,0,0,3,0,1,574,0,0,3,3,0,0,7,271,228,0,1,4,0,0,0,0,0,0,1108,0,0,1,0,0,0,326,0,17,0,48,0,0,1,0,0,0,0,331,4,16,0,1,0,0,0,0,3,0,4,8,0,0,1,2471,31,152,1,0,0,0,0,1,0,0,0,0,0,0,0,0,0,0,0,0,0,0,1,1,0,0,0,1,6,0,0,435,0,0,0,1,0,0,2,0,0,1,0,0,0,70,17,459,33,0,3055,4323,0,0,0,0,0,4,536,0,6,0,4,19,0,0,0,0,1708,9,0,0,0,0,847,7,0,0,28,0,7,0,0,0,2418,2,0,1,0,0,0
SRR1159443,0,0,54,1,0,0,0,0,0,165,0,0,0,1,0,0,0,289,1920,0,0,1,0,0,0,0,0,0,989,0,0,0,0,0,0,132,0,5,0,0,0,0,0,0,0,0,0,608,2,0,0,0,0,0,0,0,25,0,134,41,133,162,0,0,24,0,0,0,0,0,0,1,0,0,0,0,0,0,0,0,0,0,0,0,0,0,0,0,0,0,0,0,4,0,0,0,0,0,0,0,0,0,0,0,0,0,0,0,0,65,23,418,2,0,1860,9895,0,0,0,0,0,0,52,0,287,0,1,0,0,0,0,0,0,0,0,0,0,0,0,0,3,0,0,0,1,0,0,0,2491,0,0,0,0,0,1
SRR1159446,0,0,595,0,0,0,0,0,0,50,0,0,0,1,0,0,0,9,0,0,0,0,0,0,0,0,0,0,280,0,0,0,0,0,0,2,1,0,0,0,0,1,0,22,0,0,0,2,20,0,0,0,0,0,5,0,8346,0,0,0,0,592,0,2,0,348,0,0,0,0,0,0,0,0,0,0,0,0,0,0,0,213,0,0,0,0,1,0,0,71,9,1,0,4,0,0,0,0,0,0,0,0,0,19,0,0,1,0,0,0,0,1887,0,1,4,328,0,0,0,0,78,0,240,0,2,0,2,0,0,0,0,0,0,0,755,0,0,0,0,4895,0,0,0,0,0,0,0,0,57,0,0,0,0,0,0
SRR1159449,0,2,8,1,0,0,376,0,0,26,0,0,627,30,1,52,0,5383,104,15,10,480,0,0,0,1,0,0,52,0,0,11,0,0,130,3004,0,7,0,0,0,503,0,0,0,0,353,0,0,14,0,0,0,0,0,0,0,0,107,1263,0,22,125,2,0,0,0,0,0,0,0,1,0,0,17,1,0,0,0,0,20,2,0,0,0,70,0,0,4,0,0,1,0,0,0,0,0,0,0,291,0,0,66,0,0,236,302,301,1,0,0,24,138,882,177,455,0,0,0,0,0,0,1,0,1661,0,1133,0,0,0,0,0,1,0,0,0,11,0,0,7,0,0,7,0,4,0,0,0,570,657,70,109,0,0,0
SRR1159452,8,297,63,0,0,0,486,0,0,134,0,0,7,35,0,0,0,5649,36,0,2,697,0,0,0,44,0,0,1116,0,0,4,0,1,55,725,362,198,2,1,0,1,179,0,0,0,0,506,16,75,0,0,0,0,0,0,1,0,51,528,0,248,24,0,0,0,854,0,0,0,0,0,0,0,0,0,0,0,0,0,1,0,0,0,4,0,742,0,0,0,0,0,1,22,0,141,0,0,0,46,0,0,1,0,0,579,0,4,0,136,2,504,78,0,1094,2097,0,0,0,0,0,77,1,0,358,0,385,0,0,0,0,0,2,0,0,0,0,0,0,695,2,0,44,0,60,0,0,1,412,0,0,0,0,0,0
SRR1159455,0,0,3,0,0,0,0,0,0,16,0,0,0,0,0,0,0,74,0,0,0,86,0,0,0,0,0,0,1064,0,0,0,0,0,0,261,0,2,0,0,0,1,0,0,0,0,0,260,0,29,0,0,0,0,0,0,10,0,33,11,0,0,0,0,0,0,0,0,0,0,0,0,0,0,0,0,0,0,0,0,0,0,0,0,0,0,0,0,0,0,0,0,58,0,0,1,0,0,0,0,0,0,86,0,0,0,1,0,0,0,23,2,0,0,78,17425,0,0,0,0,1,0,1,0,21,0,284,0,0,0,0,0,0,0,0,0,0,0,0,28,0,0,0,0,0,0,0,0,126,0,1,0,0,0,0
SRR1159458,8,0,1611,0,0,0,34,0,0,1,0,0,1070,0,0,0,0,4694,362,0,0,368,89,0,1,0,0,0,3,1,0,0,0,9,0,3384,17,0,0,0,0,1,0,0,0,0,20,2,0,85,0,0,0,0,0,0,49,0,0,1573,0,2,0,0,0,0,0,0,0,0,0,29,0,0,0,0,6,0,0,0,0,0,0,0,0,0,0,0,0,0,4,0,0,0,0,0,0,0,0,0,0,0,53,0,0,98,154,0,0,0,0,0,0,15,2,76,0,0,0,0,9,0,222,0,2168,0,1727,0,0,0,0,0,0,0,150,0,0,0,1,3,0,0,144,0,1,0,0,0,1412,0,0,0,0,0,0
SRR1159461,0,0,74,0,0,8,7,0,236,48,0,0,150,334,0,0,0,323,175,41,0,454,0,0,0,0,0,0,0,0,0,3,0,0,23,841,106,0,2,0,0,156,8,0,0,0,0,330,20,361,0,0,0,0,0,0,14,0,1,1133,0,0,0,1,0,0,322,0,0,0,0,1,0,0,0,0,0,0,0,0,0,0,0,0,0,0,0,0,0,11,0,1331,0,0,0,0,0,0,0,4,0,0,22,0,0,0,0,0,0,0,0,0,0,0,0,10674,0,0,0,0,10,0,16,0,1982,0,404,0,0,0,0,0,0,0,0,0,0,8,63,150,1,0,5,0,0,0,0,0,13,0,0,107,0,0,0
SRR1159464,0,0,1417,15,0,0,2,0,0,1,0,0,0,0,0,0,0,4105,0,0,0,546,0,0,0,0,0,0,2246,0,0,0,0,0,0,179,0,0,0,0,0,0,18,0,0,0,0,3,274,66,0,0,0,0,0,0,2,0,0,3,0,2,0,1041,0,0,0,0,0,0,0,0,0,0,0,1,0,0,0,0,0,0,0,0,0,0,2698,0,0,0,0,0,0,1,0,0,0,0,7,0,0,0,2,0,0,185,0,0,1591,1,0,0,0,0,4,1938,0,0,0,0,479,0,74,0,665,0,386,0,0,0,0,0,0,0,0,0,0,17,0,7,0,0,0,0,1,0,0,0,1857,0,1,0,0,0,0
SRR1159467,11,0,1245,0,0,0,1790,0,1,2,0,0,1132,0,0,0,0,3024,2,87,0,445,0,0,0,7,0,0,4,0,0,34,0,0,15,614,1,3,0,0,0,29,32,0,0,0,0,996,8,542,0,0,0,28,0,0,2,0,85,305,0,0,0,0,0,4,2,0,0,0,1,0,0,0,0,0,0,0,0,0,32,0,0,0,281,0,0,0,0,0,0,3,0,0,0,0,0,0,0,78,0,0,2349,0,0,0,0,850,0,0,0,0,0,1,3,3632,0,0,0,0,56,0,248,0,5,0,554,0,0,1,0,0,1,0,0,0,17,0,243,99,0,0,101,0,1,0,0,1,720,0,0,0,66,0,0
SRR1159470,0,0,196,0,0,0,0,0,1,967,0,0,1,4,0,0,0,3,0,0,0,2,0,0,0,0,0,0,766,27,0,0,0,0,0,460,0,0,8,0,0,5,0,0,0,0,0,0,0,9,0,0,0,0,0,0,1,0,1,354,0,381,0,151,0,70,184,0,0,0,786,0,0,0,0,0,0,0,0,0,0,0,0,0,0,0,0,0,1,0,0,0,0,0,0,0,0,0,0,0,0,0,1,0,0,0,0,0,0,1,0,66,0,0,253,2640,0,0,0,0,57,0,9,0,3,0,35,0,0,0,0,0,433,0,1,0,0,0,246,11666,0,55,0,0,0,0,0,0,40,0,0,0,0,0,0
SRR1159473,0,0,131,21,0,2,3,13,34,0,0,0,0,0,0,0,0,9,0,0,0,13,0,0,0,0,0,0,7,1,0,1,0,0,1,779,0,0,0,0,0,8,0,2,0,0,0,53,0,72,0,0,0,0,0,0,135,0,135,13,0,0,0,61,0,0,0,0,0,0,0,0,0,0,0,0,0,0,0,0,0,0,0,0,0,0,0,0,25,0,11,0,0,0,0,0,0,0,0,0,0,0,1,0,0,0,13,0,0,3,0,0,0,100,2,12211,0,0,0,0,1373,0,1151,0,1584,0,79,0,0,32,0,0,0,0,1060,0,5,30,429,0,1,1,0,0,0,0,0,0,151,0,0,0,0,0,0
SRR1159476,4,0,22,0,0,0,341,1,0,0,0,0,530,493,0,0,0,566,2,398,0,1323,0,0,0,0,0,0,3,0,0,9,0,208,162,1881,0,185,4,0,0,588,6,0,0,0,360,8,0,778,0,0,0,11,0,0,40,0,392,1961,0,0,0,1,0,0,398,0,0,1,0,0,0,0,0,153,0,0,0,101,265,0,0,0,160,0,1,174,60,0,0,0,0,0,0,0,0,0,0,440,0,0,1533,0,1,1,28,10,0,70,40,0,0,0,8,2606,0,0,0,0,0,0,2,0,460,0,1463,0,0,0,0,0,2,0,0,0,355,0,0,3,1,0,3,0,0,0,0,303,812,0,0,0,0,0,0
SRR1159478,0,0,1789,0,0,0,0,0,2,337,0,0,0,0,0,3,0,18,164,0,0,0,0,0,0,322,0,0,2386,76,0,0,0,0,0,0,0,11,0,61,0,0,218,0,0,0,0,240,0,0,0,0,0,0,0,0,1,0,253,2,0,0,0,196,15,0,3,0,0,0,287,0,0,0,0,78,0,0,0,0,0,2,0,0,0,0,2,0,0,0,0,0,13,118,0,35,0,0,0,0,0,0,62,0,0,0,0,0,1,113,0,259,0,413,1818,5699,0,0,0,0,104,0,47,0,0,1,1,0,0,0,0,0,0,0,0,0,0,0,184,0,0,0,0,0,445,0,0,0,3571,0,21,0,0,0,0
SRR1159481,0,0,450,0,0,125,76,0,6,1,0,2,920,1166,0,5,0,344,80,229,0,241,0,0,0,0,0,0,2,39,0,397,0,217,0,1195,0,81,0,0,0,295,0,0,0,0,0,27,0,273,0,0,0,0,0,306,0,0,6,850,0,0,2,5,0,0,30,0,0,0,0,0,0,0,1,195,0,0,0,0,0,0,0,0,0,0,0,1,0,0,0,217,0,0,0,0,0,0,0,152,0,0,285,0,3,55,0,0,0,0,0,0,0,0,3,7281,0,0,0,0,0,0,1,0,72,0,288,0,0,0,0,0,3,0,0,0,18,0,0,9,213,0,0,0,0,0,0,0,1175,1749,0,38,0,0,0
SRR1159484,0,0,120,0,0,1,340,0,4,345,0,0,0,6,0,0,0,1749,47,242,558,1269,0,0,0,0,0,0,5,0,0,0,0,445,51,1792,0,0,0,1,0,362,43,7,0,0,0,457,61,199,0,0,156,0,1,0,2839,0,589,643,0,512,11,2,0,0,19,0,0,0,0,0,0,0,0,1,0,0,0,0,0,0,0,0,0,0,0,0,0,0,0,1,0,1,0,0,0,0,0,365,0,0,55,1,0,595,218,1,0,0,0,20,0,2,3,61,0,0,0,0,2,0,850,0,1538,0,59,0,0,0,0,0,1,0,184,0,0,0,1,228,269,0,0,0,0,0,0,0,2543,0,0,0,0,0,0
SRR1159487,0,0,1,0,0,0,206,0,5,293,0,0,75,0,0,0,0,3056,4,0,0,272,0,0,0,14,0,0,952,0,0,92,0,97,0,918,85,17,0,0,1,1,48,0,0,0,0,38,0,36,0,0,0,0,0,11,113,0,58,250,0,58,60,0,0,0,2,0,0,0,0,2,0,0,0,2,0,0,0,0,68,0,0,0,0,0,0,0,0,0,0,0,24,0,0,31,0,0,0,83,0,0,158,0,0,48,0,8,0,10,0,11,0,310,224,9812,0,0,0,1,0,0,0,0,51,0,739,0,0,0,0,0,0,0,0,0,114,0,0,21,731,0,17,0,0,0,0,0,687,5,28,0,0,0,0
SRR1159490,0,0,1222,11,0,0,0,0,0,81,0,0,0,0,0,0,0,450,1,0,0,0,0,0,0,0,0,0,1705,0,0,0,0,0,0,337,26,0,0,1,0,0,1,1,0,0,0,1175,0,17,0,0,0,0,0,0,213,0,222,1,0,40,0,94,0,0,0,0,0,0,1,0,0,0,0,0,3,0,0,0,0,0,0,0,0,0,0,0,0,6,0,0,21,19,1,279,0,0,0,0,0,0,48,0,0,70,0,0,0,2,0,113,0,477,5756,1937,0,0,0,0,183,497,813,0,1,0,0,0,0,0,0,0,25,0,7,0,0,0,83,0,0,0,0,0,811,0,0,0,2228,0,106,0,0,0,0
SRR1179142,1,3,0,0,0,0,25,0,0,0,2,0,0,0,2,3,0,180,14,0,0,6,0,0,3,0,0,0,0,1,0,24,1,1,1,337,1,1,0,0,1,51,0,0,0,0,0,14,0,7,0,0,0,0,0,1,0,0,15,223,0,0,0,0,0,0,5,0,0,2,0,1,0,0,0,0,0,0,0,0,0,0,0,0,0,0,0,0,0,0,0,4,0,0,0,0,0,0,0,0,0,0,72,0,0,60,14,0,0,0,0,0,0,14,0,1757,0,0,1,1,0,0,0,0,82,0,110,1,0,0,0,0,0,0,0,0,57,0,0,1,1,0,4,0,0,0,0,0,363,0,0,2,0,0,0
SRR1179143,0,0,0,0,0,0,7,0,0,0,0,1,0,26,2,1,0,2386,0,0,0,13,0,0,6,0,0,0,0,1,0,0,2,1,5,293,7,0,0,0,2,35,0,0,0,0,0,25,0,9,0,0,0,0,0,0,0,0,1,330,0,0,2,0,0,0,9,0,0,0,0,0,0,0,0,1,0,0,0,0,0,0,0,0,0,0,0,0,0,0,0,0,0,0,0,0,0,0,0,6,0,1,10,0,0,0,0,0,12,0,0,0,0,0,0,8,0,0,1,2,0,0,0,0,63,0,37,0,0,0,0,0,0,0,0,0,0,0,0,0,0,1,0,0,0,0,0,0,193,0,0,0,0,0,0
SRR1179144,1,0,0,0,0,0,67,0,0,0,0,0,0,1,0,1,0,1113,8,0,0,18,0,0,7,0,0,0,0,0,0,8,3,0,3,220,11,1,0,0,0,50,0,0,0,0,0,12,0,6,0,0,0,0,0,0,0,0,1,971,0,0,2,0,0,0,17,0,0,0,0,0,0,0,0,0,0,0,0,0,0,2,0,0,0,1,0,0,0,0,0,0,0,0,0,0,0,0,0,3,0,0,50,0,0,118,0,0,3,0,0,0,0,0,0,11,0,0,0,1,0,0,0,0,502,0,47,0,0,0,0,0,0,0,0,0,12,0,0,5,3,0,5,0,0,0,0,0,194,0,0,0,0,0,0
SRR1179145,0,4,0,0,0,0,7,0,0,0,0,0,0,8,0,0,0,2429,0,0,0,15,0,0,5,0,0,0,0,2,0,2,1,0,6,197,4,0,0,0,2,3,0,0,0,0,0,1,0,7,0,0,0,0,0,0,0,0,0,648,0,0,3,0,0,0,0,0,0,0,0,0,0,0,0,0,0,0,0,0,0,0,0,0,0,0,0,2,0,0,0,0,0,0,0,0,0,0,0,0,0,0,31,0,0,35,0,0,0,0,0,0,0,18,0,0,0,0,0,1,0,0,0,0,12,0,8,0,0,0,0,0,0,0,0,0,0,0,0,3,0,0,0,0,0,0,0,0,46,0,0,0,0,0,0
SRR1179146,0,0,0,0,0,0,37,4,0,0,0,0,0,5,11,0,0,1384,4,0,0,27,0,0,1,3,0,0,0,0,0,1,2,6,4,159,7,1,0,0,0,16,0,0,0,0,0,0,0,14,0,0,0,0,0,0,0,0,2,956,0,0,0,2,0,0,22,0,0,0,0,0,0,0,0,1,0,0,0,0,0,0,0,0,1,0,0,7,0,0,0,0,0,0,0,0,0,0,0,2,1,0,6,0,0,29,0,0,0,0,0,0,0,33,0,127,0,0,0,3,0,0,0,0,411,0,37,0,0,0,0,0,0,0,0,0,0,0,0,1,2,0,28,0,0,0,0,0,140,0,0,3,0,0,0
SRR1179147,0,0,0,0,0,0,0,0,0,0,0,2,0,20,19,0,0,4,0,0,0,173,0,0,25,0,0,0,0,1,0,2,2,1,15,773,41,4,0,0,11,68,0,0,0,0,0,0,0,0,0,1,0,0,0,0,0,1,0,1650,0,0,10,0,0,0,11,0,0,0,0,0,0,0,1,5,0,0,0,0,1,2,1,0,0,1,0,0,0,0,0,0,0,0,0,0,0,0,0,1,0,0,17,0,0,0,0,0,71,0,0,0,0,0,0,1,0,0,0,7,0,0,0,0,339,0,20,0,0,0,0,0,0,0,0,0,0,0,0,10,0,0,0,0,0,0,0,1,186,0,0,1,0,0,0
SRR1179148,0,107,0,0,0,0,2,0,0,0,0,0,0,8,0,0,0,391,0,0,0,53,0,0,17,0,0,0,0,0,0,1,3,0,12,106,27,0,0,0,0,1,0,0,0,0,0,0,0,16,0,0,0,0,0,0,0,0,0,932,0,0,5,0,0,0,42,0,0,0,0,0,0,0,0,0,0,0,0,0,0,0,0,0,0,0,0,0,0,0,0,0,0,0,0,0,0,0,0,2,0,0,27,0,0,22,109,0,0,0,0,0,0,211,0,576,0,0,0,7,0,0,0,0,589,0,10,0,0,0,0,0,0,0,0,0,12,0,0,0,26,0,0,0,0,0,0,0,143,0,0,0,0,0,0
SRR1179149,0,21,0,0,0,0,4,1,1,0,1,0,0,25,0,3,0,322,0,0,0,23,0,0,2,5,0,0,0,8,0,34,1,1,0,534,0,5,0,0,0,64,0,0,0,0,0,10,0,78,0,0,0,0,0,0,0,0,29,65,0,0,1,0,0,0,13,0,0,0,0,0,0,0,1,2,2,1,0,0,0,0,1,0,3,1,1,100,0,0,0,117,0,1,0,0,0,0,0,0,0,0,123,0,0,38,123,0,0,0,0,0,0,107,0,872,0,0,0,2,0,0,0,0,130,0,47,0,0,0,0,0,0,0,0,0,87,0,0,0,0,206,0,0,0,0,0,0,280,0,0,1,0,0,0
SRR1179150,0,2,0,0,0,0,4,1,0,0,0,0,0,3,5,0,0,54,0,0,0,6,0,0,0,2,0,0,0,38,0,3,1,0,0,86,16,0,0,0,0,2,0,0,0,0,1,3,0,6,0,0,0,0,0,0,0,0,6,464,0,0,0,8,0,0,3,0,0,0,2,0,0,0,0,1,0,0,0,0,1,0,0,0,2,0,0,0,0,0,0,0,0,0,0,0,0,0,0,4,0,0,30,0,0,9,22,0,0,0,0,0,0,57,0,2151,0,0,1,0,0,0,0,0,72,0,20,0,0,2,0,0,0,0,0,0,5,0,0,2,0,4,22,0,0,0,0,0,312,2,0,0,1,0,0
SRR1179151,0,7,0,0,0,0,66,0,0,0,0,0,0,21,3,1,0,887,7,2,0,70,0,0,29,1,0,0,0,0,0,4,3,0,4,92,23,0,0,0,0,15,0,0,1,1,1,0,0,21,0,0,0,0,0,0,0,0,1,1339,0,0,2,0,0,0,12,0,0,0,0,2,0,0,0,0,0,0,0,0,0,1,0,0,8,0,0,0,0,0,0,8,0,0,0,0,0,0,0,2,0,0,72,0,0,69,37,0,0,0,0,0,0,10,0,5,0,0,0,2,0,0,0,1,123,0,251,0,0,0,0,0,1,0,0,0,22,0,0,1,1,0,5,0,0,0,0,0,232,1,0,0,2,0,0
SRR1179152,0,1,0,0,0,0,12,0,0,0,0,0,0,11,1,0,0,1384,6,0,0,13,0,0,2,0,0,0,0,0,0,2,2,4,8,217,3,4,0,0,0,6,0,0,0,0,0,0,0,6,0,0,0,0,0,0,0,0,0,1288,0,0,2,0,0,0,0,0,0,0,1,4,0,0,0,0,0,0,0,0,0,0,0,0,0,0,1,0,0,0,0,0,0,0,0,0,0,0,0,1,0,0,2,0,0,5,0,0,0,0,0,0,0,14,0,0,0,0,0,2,0,0,0,0,331,0,20,0,0,0,0,0,0,0,0,0,1,0,0,52,0,0,0,0,0,0,0,2,92,0,0,0,0,0,0
SRR1179153,0,16,0,0,0,0,31,0,0,1,0,2,0,2,45,0,0,1196,0,0,0,12,0,0,1,0,0,0,0,0,0,1,13,1,0,129,9,0,0,0,5,541,0,0,0,0,0,9,0,184,0,0,0,0,0,0,30,0,17,16,0,0,10,0,0,7,61,0,0,0,3,0,0,0,3,1,0,0,0,0,2,7,2,0,0,2,0,41,0,0,0,0,0,0,0,0,0,0,0,0,0,1,23,0,0,6,0,0,8,1,0,1,0,0,0,16,0,0,0,3,0,89,0,0,216,0,229,0,0,0,0,0,3,0,0,0,31,0,0,265,0,0,1,0,0,0,0,1,200,0,0,0,0,0,0
SRR1179154,0,40,0,0,0,0,58,5,0,0,0,0,0,0,3,0,0,290,8,0,0,17,0,0,6,7,0,0,0,0,0,0,2,0,0,37,1,0,0,0,1,6,0,0,0,0,0,0,0,15,0,0,0,0,0,0,0,0,26,198,0,0,0,0,0,0,7,0,0,0,0,0,0,0,0,0,3,0,0,0,2,0,0,0,0,0,0,39,0,0,0,0,0,1,0,0,0,0,0,25,0,0,14,0,0,57,15,0,1,0,0,0,0,44,0,2040,0,0,0,0,0,0,0,0,464,0,9,0,0,0,0,0,0,0,0,0,0,0,0,2,0,0,5,0,0,0,0,0,52,0,0,0,0,0,0
SRR1179155,0,3,0,0,0,0,0,1,0,0,0,0,0,0,0,0,0,778,0,0,0,2,0,0,0,3,0,0,0,0,0,0,0,0,0,50,2,0,0,0,0,0,0,0,0,0,0,0,0,8,0,0,0,0,0,0,0,0,0,9,0,0,1,2152,0,0,0,0,0,0,0,0,0,0,0,0,0,0,0,0,0,0,0,0,0,0,0,19,0,0,0,2,0,0,0,0,0,0,0,0,0,0,1,0,0,24,0,0,0,0,0,0,0,30,0,231,0,0,0,0,0,0,0,0,88,0,0,0,0,0,0,0,0,0,0,0,0,0,0,1,0,17,20,0,0,0,0,0,56,0,0,0,1,0,0
SRR1179156,0,0,0,0,0,0,38,0,0,0,0,0,0,16,0,0,0,2123,0,0,0,86,0,0,14,6,0,0,0,0,0,1,1,0,56,214,50,0,0,0,2,4,0,0,0,0,0,0,0,12,1,0,0,0,0,0,1,0,3,1,0,0,0,0,0,0,33,0,0,0,0,0,0,0,0,2,0,0,0,0,0,0,0,0,0,1,0,0,0,0,0,0,0,0,0,0,0,0,0,0,0,0,12,0,0,116,0,0,9,0,0,0,0,46,0,0,0,0,0,14,0,0,0,0,234,0,51,0,0,0,0,0,0,0,0,0,0,0,0,0,0,0,80,0,0,0,0,0,273,0,0,0,0,0,0
SRR1179157,0,0,0,0,0,0,100,0,0,0,0,0,0,14,1,0,0,1223,1,0,0,22,0,0,9,0,0,0,0,0,0,0,4,0,15,132,85,0,0,0,3,14,0,0,0,0,0,0,0,30,0,0,0,0,0,0,0,0,0,1027,0,0,5,86,0,0,12,0,0,0,0,0,0,0,2,2,0,0,0,0,0,1,1,0,3,0,0,0,0,0,0,0,0,0,0,0,0,0,0,8,0,0,67,0,0,18,0,0,26,0,0,0,0,27,0,0,0,0,1,2,0,0,0,0,422,0,53,0,0,0,0,0,0,0,0,0,4,0,0,5,0,0,0,0,0,0,0,0,75,0,0,0,0,0,0
SRR1179158,0,10,0,0,0,0,6,0,0,0,0,0,0,0,0,0,0,502,9,0,0,14,0,0,5,0,0,0,0,0,0,3,0,0,6,55,3,0,0,0,0,5,0,0,0,0,0,0,0,22,0,0,0,0,0,0,0,0,1,842,0,0,0,0,0,0,6,0,0,0,0,0,0,0,0,1,1,0,0,0,0,0,0,0,1,0,0,1,0,0,0,0,0,0,0,0,0,0,0,0,0,0,4,0,0,56,0,0,1,0,0,0,0,48,0,326,0,0,0,1,0,0,0,0,1332,0,109,0,0,0,0,0,0,0,0,0,3,0,0,0,0,0,0,0,0,0,0,0,127,0,0,0,0,0,0
SRR1179159,0,109,0,0,0,0,20,0,0,0,0,0,0,1,1,0,0,2705,1,0,0,14,0,0,0,3,0,0,0,26,0,0,0,0,1,44,1,0,0,0,0,0,0,0,0,0,0,0,0,4,0,0,0,0,0,0,13,0,0,251,0,0,3,0,0,0,23,0,0,0,0,0,0,0,0,1,0,0,0,0,0,0,0,0,1,0,0,7,0,0,0,1,0,0,0,0,0,0,0,0,0,0,0,0,0,109,0,0,0,0,0,0,0,25,0,1,0,0,0,0,0,0,0,0,40,0,7,0,0,0,0,0,0,0,0,0,0,0,0,0,0,0,48,0,0,0,0,0,40,0,0,0,0,0,0
SRR1179160,0,53,0,0,0,0,0,0,0,0,0,0,0,8,1,0,0,356,0,0,1,29,0,1,28,0,0,0,0,0,0,3,1,1,8,88,0,0,0,0,2,41,0,0,0,0,0,209,0,63,0,0,0,1,0,0,0,0,13,616,0,0,2,1,0,0,33,0,0,1,0,0,0,0,0,0,4,0,0,0,0,0,0,0,0,0,0,91,0,0,0,2,0,0,0,0,0,0,0,6,0,0,1,0,0,35,0,0,0,0,0,0,0,0,0,1256,0,0,0,3,0,0,0,0,122,0,103,0,0,5,0,0,0,0,0,0,7,0,0,0,2,0,0,0,0,0,0,0,233,0,0,3,0,0,0
SRR1179161,0,2,0,0,0,0,1,4,1,0,0,2,0,1,0,0,0,12,0,0,0,8,0,0,4,0,0,0,0,9,0,1,0,2,0,30,4,0,0,0,0,3,0,0,0,0,0,0,0,4,0,0,0,0,0,0,0,0,2,167,0,0,0,22,0,0,9,0,0,0,0,0,0,0,0,0,0,0,0,0,3,1,0,0,1,0,36,0,0,0,0,0,0,0,0,0,0,0,0,0,0,0,6,0,0,1,2,0,0,0,0,0,0,62,0,2706,0,0,0,2,0,0,0,0,24,0,13,0,0,1,0,0,0,0,0,0,1,0,0,11,0,0,30,0,0,0,0,3,291,0,0,0,0,0,0
SRR1179162,0,8,0,0,0,0,3,6,1,0,0,0,0,8,0,0,0,1370,0,0,0,8,0,0,13,0,0,0,0,73,0,0,0,0,0,200,27,0,0,0,0,14,0,0,0,0,0,0,0,5,0,0,0,0,0,0,0,0,0,1138,0,0,1,0,0,0,7,0,0,0,0,0,0,0,0,2,0,0,0,0,0,1,0,0,0,0,0,8,0,0,0,0,0,0,0,0,0,0,0,0,0,0,27,0,0,22,0,0,2,0,0,0,0,40,0,1,0,0,0,0,0,0,0,0,264,0,1,0,0,0,0,0,0,0,0,0,0,0,0,5,0,0,63,0,0,0,0,0,181,0,0,1,0,0,0
SRR1179163,91,0,0,0,0,0,5,2,0,0,2,2,0,13,15,8,0,185,1,1,0,44,0,0,10,1,0,0,0,80,0,10,10,0,13,136,1,1,0,0,1,135,0,0,0,0,1,40,0,122,0,0,0,0,0,0,1,0,1,392,0,0,0,2,0,0,10,0,0,1,0,0,0,0,0,0,3,0,0,0,4,0,0,0,4,6,0,7,0,0,0,1,0,4,0,0,0,0,0,3,0,0,379,0,0,18,4,0,0,0,7,0,0,28,0,38,0,0,0,0,0,0,0,0,161,0,220,0,0,0,0,0,0,0,0,0,129,0,0,2,0,0,0,0,0,0,0,0,1121,0,0,0,0,0,0
SRR1179164,0,0,0,0,0,0,7,0,0,0,0,0,0,4,1,4,0,149,0,0,0,20,0,0,26,5,0,0,0,89,0,5,0,0,0,211,162,0,0,0,0,15,0,0,2,0,0,0,0,28,0,0,0,0,0,0,0,0,4,934,0,0,1,10,0,0,33,0,0,1,0,0,0,0,0,0,2,0,0,0,1,0,0,0,1,0,111,0,0,0,0,0,0,0,2,0,0,0,0,2,0,0,60,0,0,14,1,0,0,0,0,0,0,43,0,44,0,0,0,1,0,0,0,0,717,0,110,0,0,9,0,1,0,0,0,0,11,0,0,4,2,6,6,0,0,0,0,0,503,17,0,0,0,0,0
SRR1179165,0,0,0,0,0,0,36,0,0,0,0,3,0,0,3,1,0,2681,0,0,0,26,0,0,4,7,0,0,0,0,0,19,3,4,8,233,8,14,0,0,1,2,0,0,0,0,0,0,0,8,0,4,1,0,0,0,16,0,0,0,0,0,3,0,0,0,0,0,0,0,0,0,0,0,0,1,0,2,0,0,27,0,1,0,1,0,0,0,0,0,0,0,0,0,0,0,0,0,0,7,0,0,2,3,0,49,116,0,0,0,0,0,0,0,0,0,0,0,1,13,0,0,0,0,4,0,47,0,1,0,0,0,0,0,0,0,2,0,0,6,1,0,0,0,0,0,0,1,86,0,0,44,0,0,0
SRR1179166,1,0,0,0,0,0,7,0,0,0,0,0,1,2,4,3,0,438,0,0,0,50,0,0,24,4,0,0,0,207,0,1,1,0,1,228,9,0,0,0,0,12,0,0,0,0,0,0,0,128,0,0,0,0,0,0,0,0,7,217,0,0,5,87,0,0,0,0,0,0,0,0,0,0,1,0,0,0,0,1,0,0,1,0,2,0,0,9,0,0,0,2,0,0,0,0,0,0,0,4,0,0,68,0,0,72,3,0,0,0,0,0,0,48,0,1268,0,0,10,11,0,0,0,0,180,0,51,0,0,0,0,0,0,0,0,0,7,0,0,60,0,9,21,0,0,0,0,0,235,0,0,0,0,0,0
SRR1179167,0,0,0,0,0,0,0,0,0,0,2,1,0,315,0,0,0,1246,0,0,0,13,0,0,0,0,0,0,0,0,0,0,0,4,91,140,0,22,0,0,3,2,0,0,0,0,0,0,0,7,1,1,0,0,1,0,11,0,0,0,0,0,0,0,0,0,0,0,0,0,0,0,0,0,2,0,0,0,0,0,6,0,0,0,0,0,0,0,0,0,0,0,0,0,0,0,0,0,0,0,0,0,0,0,0,1188,0,0,163,0,0,0,0,0,0,0,0,0,0,0,0,0,0,0,1,0,16,0,1,0,0,0,0,0,0,0,0,0,0,1,0,0,0,0,0,0,0,0,255,0,0,7,0,0,0
SRR1179168,0,55,0,1,0,0,88,1,1,0,1,0,0,4,16,0,0,1922,0,1,0,35,0,0,0,14,0,0,0,0,0,3,10,0,0,110,7,2,0,0,0,52,0,0,0,0,0,0,0,32,0,0,0,0,0,0,0,0,8,492,0,0,2,0,0,1,5,0,0,0,0,0,0,0,2,4,0,0,0,0,0,0,0,0,4,0,0,6,0,0,0,0,0,0,0,0,0,0,0,0,0,0,48,0,0,2,0,0,15,0,0,0,0,7,0,0,0,0,0,4,0,4,0,0,181,0,46,0,0,0,0,0,0,0,0,0,43,0,0,10,0,0,0,0,0,0,0,0,259,0,0,0,0,1,0
SRR1179169,0,0,0,0,0,0,212,0,0,0,3,0,0,245,22,1,0,128,43,0,0,187,0,0,7,0,0,0,0,0,0,32,25,1,38,307,6,0,0,0,2,16,0,0,6,1,0,0,0,4,1,0,0,0,0,0,0,0,2,42,0,0,8,0,0,0,15,0,0,1,0,0,0,0,4,2,0,0,0,0,0,0,0,0,0,16,0,0,0,0,0,0,0,0,0,0,0,0,0,177,0,0,20,0,0,73,0,0,0,0,1,0,0,0,0,1,0,0,4,9,0,0,0,45,1422,0,96,0,0,0,0,0,0,0,0,0,25,0,0,3,1,0,0,0,0,0,0,0,231,3,0,0,0,0,0
SRR1179170,0,8,0,0,0,0,47,0,0,0,0,0,0,27,3,0,0,784,44,10,1,29,0,0,4,2,0,0,0,0,0,0,1,1,2,158,11,0,0,0,0,16,0,0,0,0,0,0,0,54,0,0,0,0,0,0,0,0,10,1204,0,0,2,0,0,0,18,0,0,0,0,0,0,0,0,1,0,0,0,0,19,0,0,0,5,1,2,35,0,0,0,0,0,0,0,0,0,0,0,1,0,0,71,0,0,112,0,0,1,0,0,0,0,57,0,0,0,0,0,0,0,0,0,0,477,0,23,0,0,0,0,0,0,0,0,0,7,0,0,55,2,0,12,0,0,0,0,0,179,0,0,1,0,0,0
SRR1179171,1,0,0,0,0,0,1,1,0,0,0,0,0,1,1,0,0,444,1,0,0,6,0,0,2,2,0,0,0,0,0,8,2,0,0,15,4,0,0,0,0,1,0,0,0,0,0,12,0,6,0,0,0,0,0,0,1,0,1,163,0,0,4,0,0,0,5,0,0,0,0,0,0,0,0,0,1,0,0,0,0,0,0,0,0,0,0,0,0,0,0,0,0,0,0,0,0,0,0,12,0,0,35,0,0,299,37,0,4,0,0,0,0,0,0,2122,0,0,0,3,0,0,0,0,25,0,117,0,0,0,0,0,0,0,0,0,12,0,0,1,0,0,0,0,0,0,0,0,147,1,0,1,0,0,0
SRR1179172,0,71,0,0,0,0,52,0,0,0,0,0,0,6,1,0,0,2768,0,0,0,14,0,0,0,5,0,0,0,2,0,0,6,1,1,197,0,2,0,0,0,2,0,0,0,0,0,0,0,15,0,0,0,0,0,0,0,0,1,103,0,0,5,2,0,0,1,0,0,0,0,0,0,0,0,3,0,0,0,0,0,0,0,0,0,0,0,24,0,0,0,1,0,0,0,0,0,0,0,0,0,0,2,0,0,99,0,0,0,0,0,0,0,28,0,3,0,0,0,0,0,0,0,0,13,0,8,0,0,0,0,0,0,0,0,0,1,0,0,5,0,0,24,0,0,0,0,0,32,0,0,2,0,0,0
SRR1179173,2,0,0,0,0,0,15,2,0,0,0,0,0,3,2,1,0,294,0,0,0,30,0,0,2,7,0,0,0,10,0,23,5,0,0,119,28,0,0,0,0,54,0,0,0,0,1,0,0,9,0,0,0,0,0,0,0,0,3,590,0,0,3,0,0,0,12,0,0,1,0,0,0,0,1,1,0,0,0,0,7,0,0,0,4,0,0,0,0,0,0,0,0,0,0,0,0,0,0,6,0,0,36,0,0,49,6,0,0,0,0,0,0,28,0,1179,0,0,2,1,0,2,0,0,218,0,147,0,0,0,0,0,0,0,0,0,9,0,0,5,0,0,11,0,0,0,0,0,559,2,0,0,0,0,0
SRR1179174,0,8,0,0,0,0,8,48,0,0,1,8,0,0,8,4,0,29,4,0,0,27,0,0,2,0,0,0,0,37,0,1,6,3,0,63,1,2,0,0,9,73,0,0,1,0,1,633,0,47,0,0,0,2,0,0,5,0,4,1085,0,0,1,0,0,0,15,0,0,0,0,0,0,0,0,5,3,0,0,0,1,0,0,0,11,6,0,384,0,0,0,20,0,6,1,0,0,0,0,0,7,1,28,0,0,4,1,0,2,0,3,0,0,33,0,311,0,0,0,0,0,0,0,0,81,0,71,0,0,0,0,0,0,0,0,0,10,0,0,4,0,0,0,0,0,0,0,1,358,0,0,1,0,0,0
SRR1179175,0,10,0,0,0,0,9,1,0,0,0,0,0,2,0,0,0,488,0,0,0,3,0,0,2,2,0,0,0,27,0,0,0,0,0,26,5,0,0,0,0,1,0,0,0,0,0,2,0,7,0,0,0,0,0,0,2,0,0,1004,0,0,4,0,0,0,8,0,0,0,0,0,0,0,0,0,0,0,0,0,1,0,0,0,0,1,0,29,0,0,0,1,0,0,0,0,0,0,0,1,0,0,5,0,0,30,11,0,0,0,0,0,0,72,0,1506,0,0,0,2,0,0,0,0,124,0,5,0,0,0,0,0,0,0,0,0,4,0,0,2,0,0,30,0,0,0,0,0,73,0,0,0,0,0,0
SRR1179176,0,201,0,1,0,0,0,3,0,0,0,0,0,1,0,0,0,120,0,0,1,23,0,0,8,0,0,0,0,155,0,0,0,1,0,91,2,4,0,0,0,28,0,0,0,0,2,120,0,33,0,0,0,1,0,0,0,1,35,1591,0,0,3,0,0,0,10,0,0,0,0,0,0,0,1,2,10,0,0,0,3,0,0,0,0,1,0,103,0,0,0,38,0,0,0,0,0,0,0,0,0,0,7,0,0,71,13,0,0,0,0,0,0,12,0,50,0,0,3,2,0,0,0,2,575,0,39,0,0,0,0,0,0,0,0,0,0,0,0,12,0,0,0,0,0,0,0,0,121,0,0,0,0,0,0
SRR1179177,0,0,0,0,0,0,92,0,0,0,0,1,0,2,5,0,0,2451,2,0,0,43,0,0,13,0,0,0,0,0,0,21,13,0,14,187,27,0,0,0,0,0,0,0,1,0,0,9,0,1,0,0,0,0,0,0,0,0,4,365,0,0,11,0,0,0,0,0,0,0,0,0,0,0,0,7,0,0,0,0,0,0,0,0,0,0,0,0,0,0,0,0,0,0,0,0,0,0,0,29,0,0,6,0,2,0,0,0,0,0,0,0,0,0,0,0,0,0,0,12,0,0,0,1,54,0,51,0,0,0,0,0,0,0,0,0,2,0,0,1,0,0,3,0,0,0,0,0,67,0,0,0,0,0,0
rgn.1.1,0,0,0,1,0,0,0,0,0,556,0,0,2,58,0,5,6,11,0,1,0,41,2,0,5,0,0,0,13,26,0,0,0,33,19,55,5,13,29,0,0,14,300,0,0,0,0,88,2,42,0,0,0,0,0,0,9,0,3,25,0,1407,0,64,0,7,0,0,0,2,2,0,0,0,1,0,4,0,0,0,4,0,0,0,0,0,0,3,0,0,0,0,0,0,2,53,0,9,0,0,0,0,0,0,0,0,0,0,7,5,0,488,58,0,8,211,1,0,2,0,0,0,0,0,52,19,97,9,0,0,0,0,0,0,0,0,0,9,0,23,0,0,0,0,0,0,0,0,70,0,0,1,0,0,4
rgn.1.10,2,0,0,0,0,0,4,0,0,137,0,0,0,4,0,8,0,111,0,0,23,103,1,0,5,0,1,2,17,0,0,0,0,20,7,142,4,9,2,0,0,49,44,0,0,0,0,38,1,54,0,0,2,0,0,0,178,0,26,113,0,381,3,0,0,0,4,0,0,1,3,5,0,0,3,0,0,0,0,1,6,0,0,0,0,2,0,0,0,0,1,0,3,0,0,13,0,8,0,1,0,1,13,0,4,1,0,0,14,0,2,141,22,0,19,1750,0,0,0,0,0,0,0,0,99,0,147,0,0,0,0,0,0,0,0,2,1,0,0,6,0,0,0,0,7,0,0,1,201,10,4,7,0,1,0
rgn.1.12,1,0,1,4,2,0,4,0,10,225,0,0,0,5,0,4,115,63,8,0,1,38,11,1,5,1,0,0,41,0,0,12,3,11,6,81,5,4,0,0,0,24,391,1,0,1,0,52,0,24,1,0,0,0,0,0,6,0,11,67,2,322,0,277,2,1,8,0,0,14,319,0,0,0,0,0,1,0,0,0,6,0,0,0,1,0,0,0,0,0,0,0,2,0,2,34,0,7,0,1,0,0,18,0,0,2,0,1,3,137,2,127,80,31,36,831,1,0,0,0,0,0,0,0,36,0,57,0,0,0,0,0,152,0,0,0,3,4,0,1,1,0,0,0,42,0,0,0,144,0,3,3,0,0,0
rgn.1.16,2,0,0,1,0,1,1,0,0,6,0,0,0,0,1,20,0,22,8,1,0,57,0,0,0,0,2,1,69,1,0,22,0,2,0,70,3,16,0,0,0,29,9,0,0,0,9,7,1,7,0,0,0,0,0,0,2,0,58,90,3,22,1,0,9,0,19,0,0,23,4,0,0,0,64,2,1,0,0,0,2404,0,0,0,0,2,0,0,0,0,0,3,24,4,4,13,0,1,0,1,0,0,15,0,5,3,2,0,0,0,2,36,3,23,25,305,1,0,0,1,0,0,0,3,41,0,71,11,0,0,0,1,0,1,0,0,4,2,0,6,1,133,0,0,23,0,0,0,137,1,0,1,0,0,0
rgn.1.17,0,0,3,1,0,0,1,0,24,0,0,0,0,2,0,0,1,98,0,21,0,105,1,0,5,0,0,0,0,0,0,1,2,13,27,114,1,52,2,0,0,39,35,0,0,0,0,0,0,13,1,0,0,0,0,0,0,0,1,296,0,9,0,0,0,0,104,0,0,0,0,1,0,0,1,0,0,0,0,0,1,0,0,0,7,0,688,1,0,0,2,0,0,0,0,3,0,0,0,0,0,0,1,0,0,8,0,0,0,0,0,2,0,39,0,1928,3,0,0,0,0,0,0,0,107,3,124,0,0,0,0,0,0,0,0,0,0,1,0,13,0,0,6,0,0,0,0,2,74,0,0,2,0,0,2
rgn.1.18,0,1,0,0,0,0,7,0,0,101,0,0,0,1,0,5,27,274,0,26,10,6,0,0,3,1,5,2,24,0,0,2,2,4,2,37,0,1,2,0,0,3,3,1,1,0,0,104,2,14,4,0,0,0,0,0,68,0,5,54,0,156,2,30,7,0,6,0,1,1,0,0,0,0,34,0,2,0,0,0,3,0,0,0,0,0,4,74,0,0,0,3,2,0,0,4,0,0,0,4,1,0,36,0,0,3,0,0,0,0,0,100,289,21,6,1496,0,0,1,3,0,0,0,0,6,0,15,0,0,1,0,0,0,0,0,1,2,1,0,68,0,0,22,0,0,0,6,0,221,0,2,561,0,0,0
rgn.1.19,12,0,0,1,0,0,8,3,8,26,0,0,2,1,3,6,1,169,27,1,0,90,0,1,9,2,6,10,39,44,0,72,15,19,19,53,2,9,13,0,0,23,4,0,0,3,2,116,0,32,3,2,0,0,0,0,43,2,68,393,0,22,4,1,0,0,70,1,0,1,7,1,0,0,2,1,2,2,0,0,5,0,0,0,0,0,0,64,0,0,0,0,0,2,0,0,0,0,0,1,8,14,156,0,0,7,0,0,0,0,3,28,1,35,18,513,0,0,0,4,0,0,0,1,122,0,144,0,0,0,0,0,0,3,0,2,31,0,0,23,1,1044,5,0,0,0,0,7,273,0,0,1,0,0,0
rgn.1.2,0,0,0,3,0,0,5,0,2,16,0,0,6,0,0,1,1,15,0,8,0,45,2,0,5,0,0,0,98,14,0,6,0,2,0,22,1,1,0,0,0,41,50,0,0,0,0,51,0,20,0,0,0,0,0,0,0,0,14,147,34,18,0,104,6,1,22,0,0,15,11,2,0,0,2,0,0,0,0,0,3,0,0,0,0,1,0,44,0,0,0,1,9,0,0,1,3,0,0,0,3,0,7,0,0,5,0,0,1,74,8,30,71,1,149,2140,0,0,3,0,0,0,0,0,176,0,21,9,0,0,0,0,146,0,0,0,3,0,0,18,0,15,10,0,15,0,0,0,217,0,0,2,0,0,0
rgn.1.3,1,0,0,1,0,0,0,8,7,46,0,0,0,0,0,25,0,2,0,1,0,20,0,0,3,0,0,3,5,20,2,15,5,14,1,30,2,2,7,0,0,30,17,3,0,0,0,48,0,35,0,421,1,0,5,0,13,0,27,93,0,144,0,3,1,0,2,0,0,89,0,0,0,0,0,0,3,65,0,0,10,0,1,0,0,0,0,0,0,0,0,11,14,0,0,11,0,0,0,0,3,0,44,0,1,1,0,0,0,1,8,173,26,1,32,366,0,0,1,0,0,0,0,0,18,0,35,0,0,0,0,1,0,3,0,0,4,0,0,47,0,32,31,0,172,3,1,1,1704,0,0,16,0,0,0
rgn.1.5,8,0,0,2,0,0,1,0,6,24,0,0,0,6,1,4,0,13,2,8,2,70,0,0,6,1,19,4,24,5,0,20,1,10,2,78,12,10,11,0,0,41,72,1,0,0,0,37,1,31,0,204,0,1,6,0,24,1,39,292,0,26,1,0,0,0,14,2,0,15,140,1,0,0,3,0,0,4,0,0,4,0,0,0,1,0,18,0,0,0,0,8,2,0,0,0,0,1,0,0,1,0,55,0,0,1,0,0,1,0,0,12,18,2,0,1150,0,0,2,0,0,0,0,1,41,0,58,0,0,0,0,3,0,0,0,0,9,3,0,45,3,243,4,1,23,0,0,0,907,0,0,5,0,0,0
rgn.1.6,2,0,0,4,0,0,1,6,11,15,1,0,6,6,2,12,0,4,0,39,0,87,0,2,4,0,2,3,57,39,0,36,7,38,0,84,0,27,14,0,0,96,11,0,2,1,3,48,0,36,0,0,0,4,0,0,1,2,18,253,0,69,0,3,0,0,84,0,0,6,2,10,0,0,2,0,0,0,0,0,4,0,0,0,0,0,0,110,0,0,0,135,10,5,0,54,0,0,0,0,3,7,25,0,0,2,0,0,0,2,7,14,1,7,8,1424,0,0,6,2,0,0,0,0,322,0,72,2,0,0,0,0,0,0,0,0,5,0,0,151,1,71,2,1,5,0,0,0,270,63,0,18,1,0,0
rgn.1.7,6,1,0,2,0,0,2,0,0,39,0,0,2,21,0,15,1,20,0,2,2,171,0,0,12,1,20,7,50,15,0,12,2,12,2,142,7,16,3,0,0,186,5,0,0,0,0,25,0,34,0,0,0,0,0,0,4,0,49,371,2,134,0,0,0,0,44,1,0,8,5,1,0,0,2,0,0,0,0,3,4,0,1,0,0,2,0,2,0,0,0,22,12,1,0,60,0,0,0,1,0,0,23,0,1,6,0,0,2,0,1,43,1,0,5,1078,0,0,12,2,0,0,0,0,580,0,110,0,0,16,0,1,1,0,0,1,7,0,0,9,6,0,0,0,0,0,0,0,379,148,0,3,0,0,0
rgn.1.8,0,0,0,0,0,0,0,2,0,266,0,0,0,2,0,61,0,3,0,5,0,63,0,0,6,0,2,0,0,15,0,4,0,21,1,21,3,10,0,0,0,6,25,0,0,0,1,69,2,27,0,0,0,0,0,0,1,0,140,77,0,257,0,0,0,0,4,0,0,21,3,7,0,0,1,0,2,0,0,0,6,0,0,0,0,0,28,12,0,0,0,0,8,0,0,267,0,10,0,0,2,0,1,0,0,0,0,0,0,1,38,296,0,1,42,1727,0,0,8,0,0,0,0,0,19,1,52,8,0,0,0,0,0,0,0,0,1,0,0,78,0,0,1,0,51,1,0,0,174,0,23,14,0,0,0
rgn.2.1,59,0,0,16,0,0,14,0,5,40,2,0,2,4,3,39,0,35,0,2,6,220,0,0,9,0,0,4,36,11,0,40,3,32,0,122,1,22,4,0,0,54,93,2,2,0,3,74,30,66,0,0,0,0,0,0,46,0,79,333,1,106,0,49,0,0,30,0,0,47,0,6,0,0,7,0,2,0,0,1,5,0,0,0,4,4,0,69,0,0,0,25,20,0,0,19,0,5,0,1,7,0,352,0,5,2,0,2,1,31,14,96,51,17,27,568,0,0,0,10,0,0,0,1,28,1,298,1,0,0,0,1,0,0,0,1,23,1,0,69,1,7,0,0,50,1,1,5,379,5,2,10,1,0,0
rgn.2.10,10,0,0,0,0,2,1,1,11,33,0,0,4,15,0,38,0,50,9,0,1,308,0,0,16,0,0,5,16,0,0,23,0,22,0,197,5,5,28,2,0,114,17,0,1,0,0,58,2,36,0,0,0,0,0,0,12,4,53,355,0,64,0,0,0,0,24,0,0,19,3,0,0,0,8,0,1,0,0,5,8,0,0,0,1,2,0,30,0,0,0,99,26,1,3,8,0,0,0,0,3,0,64,0,4,10,0,1,0,1,3,76,3,0,24,1295,0,0,3,0,0,0,0,4,257,0,190,2,0,34,0,0,0,0,0,1,16,2,0,33,3,0,0,0,1,0,1,1,203,0,5,3,0,0,0
rgn.2.12,6,0,0,15,0,0,3,1,2,1,5,0,1,8,0,19,0,2,1,25,0,169,0,0,11,0,1,8,5,10,0,15,0,67,0,81,1,35,3,0,0,82,6,0,1,0,5,45,1,54,0,0,4,0,0,0,12,0,57,726,0,15,0,13,0,0,103,0,0,11,2,0,0,0,3,0,1,0,0,0,18,0,0,0,0,1,0,21,0,0,0,17,1,1,1,4,0,0,0,0,5,0,71,0,1,4,0,0,0,10,12,13,30,0,9,1122,0,0,7,2,0,0,0,1,268,0,102,0,0,0,0,0,0,0,0,0,6,0,0,33,9,214,11,0,39,0,0,4,198,0,5,3,3,0,0
rgn.2.13,22,0,0,3,0,1,1,0,4,3,1,0,1,1,1,33,5,19,4,28,3,87,0,0,2,1,2,14,7,10,0,51,5,60,0,94,2,43,42,0,0,34,6,1,0,0,12,72,6,59,0,4,0,5,0,0,157,13,133,220,0,8,1,0,1,0,79,2,0,38,3,1,0,0,5,1,1,2,0,0,4,0,0,0,1,3,0,0,0,0,0,10,30,7,0,69,0,1,0,0,17,0,149,0,7,5,0,4,2,0,3,13,1,0,50,1016,0,0,3,5,0,0,0,0,7,0,118,36,0,0,0,1,0,2,0,0,38,0,0,1,1,410,1,0,105,0,1,3,401,13,5,1,4,0,0
rgn.2.14,0,0,1,0,0,1,0,0,1,157,0,0,0,3,0,180,0,34,0,0,2,49,5,0,8,0,1,3,54,2,0,35,0,1,1,109,0,25,9,3,0,6,476,0,0,0,1,34,9,15,0,0,0,1,0,0,29,0,139,87,22,17,0,11,1,10,6,0,0,18,20,23,0,0,0,0,0,0,0,0,2,0,0,0,0,0,0,0,0,0,1,0,51,11,0,176,0,5,0,0,2,0,6,0,0,0,0,0,0,16,31,190,9,12,242,814,0,0,3,0,0,1,0,0,18,0,13,90,0,0,0,0,162,0,0,0,0,0,0,139,0,3,2,7,46,0,5,0,255,0,10,1,0,0,0
rgn.2.15,4,0,0,23,0,0,10,3,0,205,0,0,1,5,0,4,0,45,29,0,5,90,5,0,18,4,5,3,81,0,0,44,3,3,1,64,3,3,12,1,0,68,187,1,0,0,0,55,12,21,4,0,1,0,0,1,13,5,17,138,0,450,0,254,2,0,21,0,0,41,46,4,0,0,0,0,0,0,0,1,5,0,0,0,1,3,7,0,0,0,0,1,0,0,0,0,0,5,0,5,0,0,38,0,1,8,0,0,0,8,0,178,175,3,8,903,0,0,0,1,0,0,0,0,78,2,188,0,0,0,0,0,0,0,0,0,6,0,0,3,1,0,0,0,83,0,1,0,232,13,3,3,0,0,5
rgn.2.18,0,0,0,0,0,0,0,20,20,44,0,0,0,13,0,0,0,594,0,7,3,44,0,0,5,0,0,0,0,0,0,0,0,7,49,166,12,0,3,0,0,42,17,1,0,0,4,9,1,48,0,30,0,1,1,0,32,1,0,210,0,127,5,2,0,0,25,0,0,0,8,0,0,0,30,1,0,0,0,0,4,0,7,0,0,0,1218,0,0,0,0,0,0,0,0,0,0,0,1,0,0,0,4,0,0,13,0,0,0,0,0,70,11,43,0,277,0,0,11,0,0,0,0,0,279,0,19,0,0,0,0,0,0,0,0,0,1,0,0,7,0,0,38,0,0,0,0,0,397,0,0,14,0,0,0
rgn.2.19,0,0,0,2,0,0,0,0,0,0,3,0,1,4,0,2,0,42,2,0,0,113,1,0,4,0,3,4,30,2,0,3,0,40,4,110,3,31,2,0,0,72,14,0,0,0,0,38,3,15,0,0,0,0,0,0,59,1,8,251,1,9,0,9,0,1,15,0,0,4,2,20,0,1,0,0,0,0,0,0,1679,0,0,0,4,0,0,0,0,0,0,4,1,0,1,3,0,0,0,1,0,0,7,1,1,2,1,0,0,1,1,2,6,2,6,867,1,0,6,0,0,0,0,0,241,0,65,2,0,0,0,0,0,0,0,0,1,0,0,16,1,0,1,0,23,1,0,0,90,0,0,31,0,0,1
rgn.2.2,1,0,0,12,0,0,6,0,0,63,0,0,0,0,0,34,0,63,1,31,2,93,1,0,8,3,0,0,15,11,0,47,13,8,1,49,2,0,5,0,0,20,26,0,0,0,0,118,1,29,0,1,1,0,0,0,19,0,66,178,0,88,0,0,0,0,49,0,0,47,5,1,0,0,0,0,0,1,0,0,9,0,0,0,0,0,25,33,0,0,0,30,9,0,17,39,0,14,0,1,1,0,17,0,0,2,0,0,2,0,0,108,0,0,100,1857,1,0,4,1,0,0,0,0,130,0,20,2,0,2,0,1,0,0,0,0,2,1,0,5,1,227,4,0,60,1,0,2,145,0,0,3,1,2,0
rgn.2.5,0,0,0,34,0,0,0,0,7,75,0,0,0,0,0,74,12,5,12,4,0,44,0,0,1,0,0,0,108,3,0,2,1,1,0,18,2,2,0,0,0,15,129,1,0,1,0,91,16,2,0,0,0,0,0,0,0,0,63,30,22,14,0,100,12,5,21,0,0,75,31,0,0,0,1,0,3,0,0,1,2,0,0,0,1,0,10,1,0,0,0,0,49,4,58,66,0,0,0,3,0,0,27,0,0,1,0,1,0,90,12,311,156,12,133,1045,0,0,0,0,0,12,0,0,16,0,30,50,0,3,0,0,86,1,0,0,1,0,0,6,3,56,4,0,301,1,1,0,342,0,7,0,0,0,0
rgn.2.6,7,0,0,1,0,0,0,10,29,151,1,0,1,7,1,71,0,3,20,0,0,96,1,2,13,0,12,8,215,27,0,20,0,31,1,52,7,4,20,2,0,55,170,1,1,0,3,22,3,35,0,0,0,7,0,0,6,3,76,184,2,355,0,0,0,0,31,0,0,33,1,1,0,0,3,7,1,1,0,0,5,0,0,0,1,1,0,20,0,0,0,1,40,25,0,23,0,4,0,0,3,12,109,0,1,5,4,1,0,1,7,186,1,57,34,917,1,0,2,2,0,0,0,3,99,0,113,0,0,5,0,8,0,14,0,1,10,17,0,3,0,2,6,0,90,0,4,2,278,0,0,1,0,0,0
rgn.2.7,1,0,1,3,0,0,0,2,3,7,0,0,0,2,0,1,2,5,0,0,0,30,0,0,7,0,16,1,33,10,17,12,2,11,0,29,2,5,2,0,0,24,1,7,0,0,1,22,0,18,0,502,0,1,11,3,28,1,1,128,0,6,0,84,2,4,12,0,0,0,46,41,0,0,2,0,0,9,0,0,1,0,0,0,0,0,0,0,0,0,0,9,0,1,0,0,0,0,0,0,1,0,10,0,0,0,0,0,0,26,0,3,8,21,0,608,0,0,2,0,0,0,0,0,47,0,40,0,0,0,0,0,0,1,0,0,3,0,0,68,0,0,0,0,0,0,0,2,1869,4,0,118,0,0,0
rgn.2.8,1,0,0,5,1,0,0,0,7,18,0,0,0,0,0,2,4,1,4,4,0,40,0,5,7,0,4,0,50,6,1,12,0,14,0,23,2,20,7,3,0,16,14,0,0,1,3,35,0,19,0,349,0,4,6,0,14,0,16,189,9,32,0,119,0,8,14,0,0,0,71,115,0,0,2,0,2,4,0,1,2,0,0,0,0,3,0,5,0,0,0,29,0,0,0,0,0,0,5,0,0,0,6,0,1,1,8,1,0,60,5,14,33,3,3,969,0,0,1,1,0,0,0,0,49,0,69,4,0,0,0,0,37,4,0,0,2,1,0,272,0,83,1,0,0,0,0,2,1018,9,0,3,1,0,0
rgn.2.9,1,0,0,11,0,0,9,0,10,572,0,0,4,11,0,6,0,132,1,0,0,51,0,1,4,0,0,1,0,6,0,3,0,10,0,146,4,2,3,0,0,57,110,1,0,0,0,47,17,42,0,0,0,0,0,0,50,0,5,188,0,698,0,0,0,0,16,0,0,2,0,2,0,0,0,0,0,0,0,0,4,0,0,0,1,3,0,0,0,0,0,0,9,0,0,48,0,8,0,5,0,0,49,0,1,1,0,0,0,0,1,278,1,0,24,462,0,0,4,3,0,0,0,0,103,0,62,0,0,0,0,0,0,0,0,0,5,2,0,369,3,0,15,0,11,0,0,0,250,0,0,48,0,0,0
rgn.3.1,0,0,1,1,0,0,2,0,0,33,1,0,0,9,0,6,4,25,0,29,0,44,0,0,3,0,6,1,138,1,1,1,2,1,1,25,2,1,1,0,0,10,24,1,1,0,0,28,3,20,0,384,0,1,3,0,16,0,11,121,0,50,0,17,6,0,14,0,0,8,5,1,0,0,0,0,2,16,0,0,10,0,0,0,0,1,0,3,0,0,0,0,3,0,8,0,0,0,0,0,0,0,14,1,0,3,0,0,0,4,11,42,14,0,26,1042,4,0,2,0,0,0,0,0,76,0,20,0,0,0,0,0,187,2,0,0,0,0,0,78,1,0,2,0,24,1,0,0,1330,0,0,2,0,0,0
rgn.3.10,0,1,0,5,0,0,1,0,12,23,2,0,1,1,0,13,4,25,17,0,0,85,0,0,16,0,0,2,27,0,41,5,1,11,7,104,7,5,6,1,0,75,3,1,0,0,4,34,1,39,1,329,0,0,4,0,29,0,19,185,6,83,0,66,2,1,31,0,0,50,2,15,0,0,10,0,1,8,2,0,0,0,1,0,0,0,0,0,0,0,0,1,2,0,6,0,0,0,0,4,0,0,12,2,0,0,2,11,0,19,5,49,45,22,35,832,0,0,1,1,0,0,0,2,136,0,73,1,2,0,0,1,19,3,0,1,2,0,0,61,0,1,10,0,136,0,1,1,1038,1,1,27,0,0,0
rgn.3.11,2,0,1,0,0,0,0,1,14,2,0,0,3,27,0,3,0,8,0,89,0,141,9,2,16,0,11,2,16,51,0,3,0,16,0,95,0,2,5,1,0,69,75,0,1,0,4,65,1,42,0,0,3,0,0,0,47,1,31,552,0,7,0,0,1,0,28,0,0,2,2,1,0,0,0,0,1,2,0,0,7,0,0,0,0,1,53,1,0,0,0,61,0,0,0,1,0,0,0,0,8,2,20,0,1,0,10,0,0,0,3,4,0,9,4,1571,0,0,15,6,0,0,0,0,294,7,143,0,0,1,0,0,0,1,0,0,6,1,0,5,1,135,2,0,9,0,0,1,148,6,0,0,4,0,0
rgn.3.12,0,0,0,1,0,0,0,2,0,77,0,0,1,34,0,5,0,197,0,135,0,145,0,0,28,0,0,0,0,0,0,1,0,10,5,122,0,10,0,0,2,44,410,0,0,0,0,50,15,72,3,4,0,0,1,0,30,0,7,243,0,359,0,0,0,0,56,0,0,0,0,14,0,0,0,1,0,20,0,0,19,0,0,0,3,0,0,120,0,0,0,0,0,0,0,0,4,1,0,0,3,0,4,0,0,0,0,0,0,0,0,52,45,0,3,509,1,0,9,0,0,0,0,0,368,0,259,0,0,0,0,0,0,0,0,0,0,43,0,22,0,0,0,0,0,0,0,1,401,0,1,20,0,0,0
rgn.3.13,0,0,0,3,0,0,0,3,11,14,0,0,0,3,2,33,0,10,8,99,2,73,0,0,2,2,2,4,34,19,0,5,1,9,0,51,5,5,9,0,0,53,32,0,1,0,3,50,0,49,0,4,0,1,0,0,3,0,37,172,16,57,0,27,0,0,18,0,0,9,5,0,0,0,1,0,0,0,0,0,87,2,0,0,0,0,1,171,0,0,0,94,5,3,0,2,0,0,0,1,2,6,47,0,0,0,0,0,0,27,7,63,27,3,21,1848,0,0,2,1,0,0,0,0,109,0,30,2,0,1,0,2,2,1,0,0,5,0,0,57,1,119,2,0,19,0,0,3,246,0,0,1,0,1,0
rgn.3.14,0,0,0,0,0,0,0,3,5,31,0,0,0,20,0,6,0,17,0,1,0,116,5,1,5,0,5,1,18,14,0,5,0,14,0,130,3,11,9,0,0,46,25,3,0,0,0,11,2,26,0,0,0,1,0,0,2,0,38,283,0,36,0,8,0,0,21,0,0,26,5,2,0,0,0,0,0,0,0,0,5,0,0,0,1,2,0,1,0,0,0,0,2,0,0,2,1,4,0,0,0,2,21,0,0,0,17,0,0,0,15,44,16,97,11,2044,0,0,0,0,0,0,0,0,103,0,91,0,0,0,0,0,0,0,0,0,1,1,0,107,0,48,4,0,90,1,0,0,298,13,0,0,0,0,0
rgn.3.15,0,0,0,6,0,0,0,0,2,15,3,0,1,3,1,6,1,1,2,27,0,97,0,0,8,1,2,5,0,5,0,28,5,22,0,94,3,21,4,0,0,79,20,1,0,3,0,39,4,70,0,0,0,1,0,0,1,0,50,495,1,151,0,15,22,0,90,0,0,27,20,5,0,0,1,0,3,0,0,0,4,0,0,0,0,1,0,1,0,0,0,1,0,0,1,0,0,0,4,0,6,0,33,0,2,1,4,0,0,13,1,58,61,0,9,1750,0,0,3,0,0,0,0,0,196,0,84,0,0,0,0,2,0,3,0,0,2,1,0,9,9,0,1,0,99,0,0,11,152,0,0,5,0,0,0
rgn.3.16,0,0,0,0,0,1,2,2,3,233,0,0,0,24,0,26,0,70,0,75,1,123,0,1,13,0,0,1,20,0,0,19,1,9,1,78,1,10,13,0,0,70,361,0,0,0,7,72,5,24,0,0,0,1,0,1,38,0,24,161,10,224,0,83,1,0,18,0,0,23,14,0,0,0,11,0,1,0,0,0,29,0,0,0,2,0,0,1,0,0,0,0,2,2,13,1,0,1,0,0,12,0,34,0,0,7,0,0,0,68,11,133,160,0,35,1073,1,0,0,5,0,0,0,2,68,1,124,0,0,0,0,0,0,0,0,1,8,26,0,19,0,0,3,0,35,0,0,4,238,0,0,1,0,0,0
rgn.3.17,0,0,0,2,0,0,0,6,22,272,5,5,0,21,0,14,5,0,1,72,2,100,0,0,6,0,2,2,41,58,0,5,0,6,0,36,3,33,30,0,0,50,674,2,0,0,0,51,5,32,0,0,0,1,0,0,4,0,22,93,6,323,0,59,2,3,40,0,0,19,37,0,0,0,0,0,1,0,0,0,3,0,0,0,0,2,0,129,0,0,0,17,3,0,6,7,0,0,0,0,9,3,23,0,1,0,8,0,0,31,7,170,48,1,31,863,0,0,0,0,0,0,0,0,41,0,77,5,0,1,0,2,36,1,0,0,4,1,0,38,3,25,2,2,64,0,0,0,148,0,0,4,0,0,0
rgn.3.18,2,0,0,0,0,0,21,0,2,49,0,0,0,1,0,7,1,596,0,20,8,125,0,0,18,0,0,1,0,1,0,15,4,9,10,217,6,1,0,0,0,34,22,0,0,0,0,62,2,37,5,8,0,0,0,0,57,0,22,623,0,197,2,0,1,0,25,0,0,0,1,23,0,0,0,1,0,8,0,0,2,0,0,0,0,0,0,0,0,0,0,0,16,3,0,2,0,0,0,1,0,0,57,0,0,5,0,0,0,1,0,141,1,3,44,995,0,0,2,0,1,1,0,1,61,2,122,2,0,0,0,0,0,0,0,0,0,1,0,49,4,0,0,0,0,0,0,0,128,0,2,105,0,1,0
rgn.3.2,6,0,0,10,0,0,2,0,0,61,2,0,0,3,1,50,0,24,0,0,1,36,0,0,9,1,0,0,560,0,0,11,2,1,2,43,11,2,3,0,0,17,6,3,0,1,6,124,4,4,0,1,0,0,0,0,19,4,41,89,11,85,0,102,5,0,1,0,0,71,34,0,0,0,0,0,0,0,0,0,6,0,0,0,3,0,35,1,0,0,0,1,29,1,0,19,0,3,1,3,0,0,78,0,0,6,0,0,0,14,26,160,48,68,115,1134,0,0,0,1,0,0,0,0,37,0,57,0,0,0,0,0,128,0,0,0,4,0,0,6,0,0,0,0,252,0,0,0,260,3,9,0,0,0,0
rgn.3.3,6,0,0,12,0,0,0,4,20,42,0,0,4,4,0,8,15,34,2,9,1,94,0,0,0,1,4,0,38,24,0,1,2,9,0,90,5,5,24,0,0,69,26,0,0,0,4,106,0,45,0,0,0,0,0,0,19,0,35,399,11,93,1,371,0,5,11,0,0,8,2,1,0,0,2,2,1,0,0,0,13,3,0,0,1,0,0,0,0,0,1,28,0,2,0,3,0,0,0,0,6,0,76,0,2,0,0,0,0,158,9,67,240,3,17,1071,0,0,3,3,0,0,0,0,153,0,71,0,0,6,0,7,0,7,0,0,5,0,0,93,3,13,16,0,18,0,0,0,218,0,3,7,1,0,0
rgn.3.4,1,0,3,0,0,0,0,0,0,66,0,0,2,7,0,1,0,10,0,0,0,73,17,0,5,0,0,1,15,34,0,10,3,9,0,48,0,6,3,0,0,71,1571,0,1,0,1,43,9,62,0,1,0,0,0,0,8,0,13,183,1,532,0,0,0,0,14,0,0,5,0,0,0,0,2,0,2,0,0,0,20,0,1,0,6,0,0,0,0,0,0,21,1,0,0,8,0,10,0,1,1,0,11,0,0,0,0,0,0,0,2,203,2,0,0,367,1,0,3,0,0,3,0,0,94,10,185,1,0,0,0,5,0,0,0,0,2,1,0,2,2,0,4,0,23,0,0,1,110,0,0,0,0,0,36
rgn.3.7,1,0,2,0,0,0,28,0,7,0,0,0,3,21,0,0,0,210,18,0,4,192,0,0,34,4,0,0,0,0,0,11,5,5,11,251,23,20,0,0,0,205,5,0,1,0,8,67,0,84,2,2,5,0,1,0,117,0,13,396,0,3,0,5,0,1,121,0,0,0,45,56,0,0,2,0,0,0,0,0,2,0,0,0,19,0,0,0,0,0,0,0,0,0,0,0,0,0,0,5,0,0,69,1,0,1,9,0,16,0,0,0,66,0,0,790,0,0,15,2,0,0,0,3,431,2,306,0,0,0,0,0,0,0,0,1,21,3,0,70,5,0,0,0,0,0,0,0,161,0,0,5,0,0,0
rgn.3.8,0,0,2,0,0,0,0,0,0,65,0,0,0,72,0,5,0,15,0,0,0,271,0,0,15,0,0,0,117,0,0,0,0,27,14,69,3,12,0,0,0,54,7,1,0,0,0,487,0,48,0,0,0,2,0,0,7,0,9,214,1,94,1,1,6,0,59,0,0,40,7,2,0,0,0,0,0,0,0,0,13,8,1,0,0,0,0,2,0,0,0,0,94,0,0,47,0,0,0,0,0,0,6,0,1,0,0,2,5,1,45,123,35,0,13,1054,0,0,18,0,0,0,0,0,450,1,56,0,0,0,0,0,0,0,0,0,0,0,0,40,0,0,0,0,113,1,0,7,114,0,7,2,0,1,0
rgn.3.9,0,0,0,0,0,0,0,6,13,144,1,0,2,9,0,33,0,5,0,4,2,111,0,0,9,0,16,2,98,47,0,11,5,56,2,120,4,99,15,0,0,112,87,0,0,0,1,49,1,50,0,0,0,1,0,0,7,0,42,371,0,162,0,16,0,0,23,0,0,3,12,0,0,0,2,0,0,0,0,0,11,0,0,0,0,0,7,0,0,0,0,42,35,0,0,11,0,0,0,1,0,0,24,0,0,1,0,0,0,0,4,261,6,21,14,1023,0,0,3,0,0,0,0,0,124,0,145,0,0,0,0,6,0,1,0,0,2,1,0,5,3,145,4,0,26,0,0,4,308,0,0,2,0,0,0
rgn.4.10,1,0,2,1,0,0,0,0,11,63,3,0,0,6,0,9,0,8,0,2,0,84,0,13,8,0,10,0,7,21,0,9,1,31,0,62,0,190,13,0,0,46,45,0,0,0,3,74,0,137,0,0,0,1,0,1,1,0,43,231,3,195,0,106,0,0,21,0,0,21,53,21,0,0,0,0,2,0,0,0,6,0,0,0,0,1,0,0,0,0,0,35,5,0,0,1,0,0,0,0,5,0,14,0,0,0,2,0,0,24,4,172,164,1,1,1216,1,0,9,4,0,0,0,0,249,1,36,0,0,0,0,2,0,0,0,0,1,1,0,7,0,120,1,0,47,0,0,0,225,6,0,18,0,0,0
rgn.4.11,2,0,0,0,0,0,3,1,17,7,0,0,0,20,0,8,0,39,0,46,1,279,0,0,13,0,6,11,2,9,0,48,10,18,3,183,7,20,6,0,0,104,22,0,4,0,0,89,1,63,0,0,0,1,0,0,42,0,54,533,0,51,0,0,0,2,85,0,0,2,6,15,0,0,1,0,0,0,0,15,9,0,0,0,4,1,0,0,0,0,0,96,1,0,0,0,0,0,0,1,2,0,102,0,0,9,1,0,0,0,2,10,10,0,1,1168,1,0,7,1,0,0,0,0,245,0,120,0,0,0,0,0,0,0,0,0,9,2,0,44,16,0,8,0,0,0,0,6,255,18,0,0,0,0,0
rgn.4.12,0,0,6,1,0,0,1,0,2,56,0,0,0,1,0,0,1,6,0,3,0,4,0,0,0,0,0,0,0,2,0,0,0,0,0,4,0,0,1,2,0,1,12,2,0,0,0,7,1,1,0,0,12,0,0,0,2716,0,0,7,0,227,0,5,4,0,0,0,0,0,183,5,0,0,0,0,0,0,0,1,6,0,0,0,0,0,0,0,0,0,1,0,0,0,0,0,0,0,0,0,2,0,0,0,0,0,0,0,0,0,0,30,65,0,0,199,23,0,0,0,1,0,0,0,7,1,5,1,0,0,0,0,0,1,0,0,0,10,0,315,0,0,3,2,0,0,0,0,20,0,0,9,0,0,0
rgn.4.13,0,0,0,1,0,0,0,4,12,87,1,0,0,13,0,4,0,4,0,29,0,28,0,0,10,0,1,1,0,24,0,0,0,2,0,54,2,0,6,0,0,25,40,0,0,0,0,71,0,23,0,0,0,4,0,0,0,0,1,346,0,237,0,1,2,0,11,0,0,0,0,19,0,0,0,0,0,0,0,0,1,0,0,0,0,2,389,0,0,0,0,0,0,0,0,1,0,1,0,0,0,0,3,0,0,0,0,0,0,0,0,19,200,13,0,1942,0,0,0,0,0,0,0,0,59,1,37,0,0,0,0,1,0,2,0,0,0,3,0,25,2,0,34,0,0,0,0,0,189,0,0,10,0,0,0
rgn.4.14,0,0,0,1,0,0,10,7,0,0,0,0,0,25,0,31,0,260,0,14,0,226,0,0,6,0,0,0,7,13,0,1,0,0,4,176,14,1,2,0,0,76,10,1,0,0,0,16,1,63,0,0,0,0,0,0,220,0,28,192,0,215,0,0,0,0,1,0,0,0,0,1,0,0,1,1,0,0,0,0,2,0,0,0,0,3,0,0,0,0,0,0,0,2,0,352,0,0,0,0,0,0,17,1,0,3,11,0,0,0,1,7,2,11,4,1107,0,0,27,0,0,0,0,0,673,0,30,2,0,0,0,0,1,0,0,0,1,0,0,3,0,0,0,0,1,0,0,0,113,0,0,0,0,0,0
rgn.4.15,0,0,0,1,0,0,0,0,1,133,0,0,0,0,0,5,1,0,1,28,0,20,0,0,1,0,0,0,4,0,0,0,0,0,0,0,1,0,2,0,0,2,632,0,0,0,0,52,2,0,0,38,0,0,0,0,61,0,2,66,0,232,0,0,0,32,7,0,0,0,0,13,0,0,0,0,0,81,1,0,78,0,0,0,0,0,0,0,0,0,0,0,0,0,0,0,0,4,0,0,0,0,0,0,0,0,1,0,0,0,0,142,4,0,0,1621,6,0,0,0,0,0,0,0,3,7,2,0,0,0,0,0,0,0,0,0,0,82,0,328,0,0,22,0,2,0,0,0,255,0,5,5,0,0,0
rgn.4.16,3,0,0,0,0,0,2,0,0,33,0,0,17,50,0,7,1,188,0,14,0,363,0,0,33,0,0,3,17,0,0,11,4,67,14,288,9,98,0,0,0,164,7,1,0,0,0,7,6,81,3,1,1,0,0,1,4,1,38,680,0,51,0,0,0,0,117,0,0,12,0,0,0,0,0,0,1,0,0,0,136,0,1,0,4,2,0,2,0,0,0,0,0,1,0,20,0,1,0,2,0,0,16,0,0,9,0,1,0,0,2,53,0,9,14,77,0,0,13,4,0,0,0,0,609,0,406,0,0,0,0,0,0,0,0,0,1,0,0,49,1,0,0,0,39,0,1,2,116,0,8,0,0,1,0
rgn.4.17,0,0,0,0,1,0,6,0,5,11,0,0,0,11,0,6,1,66,2,0,3,201,0,0,27,5,2,7,1,1,0,23,1,8,3,96,9,11,5,1,0,62,58,2,0,0,1,5,1,38,0,44,0,0,0,0,17,0,8,349,0,66,2,32,6,1,86,0,0,0,7,12,0,0,1,1,1,0,0,0,4,0,0,0,0,1,0,0,0,0,0,2,0,0,0,2,2,4,2,6,1,0,18,0,0,0,1,0,0,11,0,44,10,53,5,1645,1,0,4,0,0,1,0,0,184,0,65,5,0,0,0,1,23,0,0,0,3,0,0,8,4,15,13,0,0,0,0,0,502,24,0,15,1,0,0
rgn.4.18,3,0,0,1,0,0,0,4,12,113,0,0,0,6,0,37,0,36,1,111,10,79,7,0,5,3,3,6,117,25,0,4,1,7,0,30,10,7,7,9,0,16,163,0,0,0,2,50,0,29,0,0,0,2,0,0,42,0,54,102,0,128,0,67,0,2,17,0,0,7,24,4,0,0,1,0,0,0,0,0,22,0,1,0,0,0,0,46,0,0,1,63,33,0,0,3,0,5,0,0,3,0,111,0,1,2,0,1,0,18,8,115,32,2,30,1355,0,0,2,0,0,0,0,0,33,8,28,0,0,0,0,0,0,0,1,0,6,0,0,17,0,14,3,0,27,0,1,0,463,1,0,3,0,0,3
rgn.4.19,2,0,0,1,0,4,1,0,3,68,1,0,0,0,2,106,0,27,1,0,3,16,11,0,1,1,0,1,255,7,0,8,0,16,0,25,0,32,1,0,0,22,372,5,0,0,4,33,9,11,0,3,0,0,0,0,50,0,104,41,8,102,0,0,0,3,5,1,0,151,2,2,0,0,3,0,1,2,0,0,4,0,0,0,0,1,0,0,0,0,0,3,32,10,7,94,0,9,0,1,3,0,97,0,1,2,0,1,0,1,22,159,4,0,85,674,0,0,4,0,0,2,0,0,50,2,54,95,0,0,0,0,0,0,0,0,28,0,0,8,0,27,0,0,564,0,0,4,357,4,28,13,0,0,1
rgn.4.2,1,14,0,41,0,0,0,5,0,56,1,0,1,3,0,20,0,19,8,16,19,62,6,0,0,1,6,0,37,21,0,3,2,14,1,93,0,0,13,0,0,42,40,0,1,1,0,67,1,41,1,104,3,5,0,1,47,0,15,134,0,107,1,30,0,0,5,0,0,0,15,153,0,0,1,1,2,0,0,0,16,0,0,0,0,2,0,95,0,0,1,35,0,0,0,0,0,0,0,0,0,0,71,0,1,2,0,0,0,117,0,100,41,0,5,1184,0,0,0,1,0,0,0,0,108,0,61,0,0,0,0,0,0,0,0,0,3,0,0,392,0,0,34,22,0,0,0,1,373,0,0,6,1,0,0
rgn.4.3,1,0,0,6,0,4,0,1,2,18,5,0,0,2,0,17,0,70,19,36,1,54,0,0,3,1,4,4,163,9,0,34,0,24,1,85,3,6,5,1,3,58,10,0,0,1,7,49,1,31,0,0,0,1,0,0,38,0,55,190,4,42,0,204,0,0,27,1,0,11,35,1,0,0,3,0,0,0,0,0,6,0,0,0,1,2,0,76,0,0,0,11,0,0,0,0,2,0,0,0,3,0,131,0,0,10,5,0,0,49,3,61,75,13,66,1267,0,0,4,2,0,0,0,0,151,0,131,0,0,0,0,3,1,0,0,0,13,0,0,93,0,166,3,0,21,0,0,2,251,3,0,2,2,2,0
rgn.4.4,4,0,0,16,0,0,2,1,9,5,0,0,0,8,0,47,1,18,0,0,6,159,0,3,4,1,1,9,7,33,42,18,2,6,5,123,8,11,12,0,0,55,13,2,0,0,2,22,0,53,0,190,0,1,4,0,3,0,53,272,0,5,0,20,1,0,39,0,0,46,0,2,0,0,0,0,0,2,2,2,6,0,0,0,1,3,0,0,0,0,0,9,8,9,8,0,0,1,0,1,4,0,101,4,1,2,0,6,0,14,3,29,14,42,30,1069,0,0,3,4,0,0,0,0,73,0,128,0,1,0,0,1,0,0,0,0,18,0,0,20,1,107,10,0,162,0,1,0,727,8,0,3,0,0,0
rgn.4.5,0,0,0,4,0,0,6,5,0,135,0,0,0,28,0,6,0,98,0,7,11,236,1,0,7,0,12,5,17,0,0,2,3,9,2,216,19,0,21,1,0,45,4,0,0,0,0,11,7,30,0,1,1,1,0,0,12,1,25,342,0,211,0,79,0,3,117,0,0,0,5,0,0,0,0,0,0,0,0,0,22,1,0,0,0,0,192,5,0,0,1,0,0,2,0,0,0,3,0,4,0,0,46,0,1,8,0,0,2,6,0,138,0,131,0,684,0,0,6,0,0,1,0,0,384,0,295,0,0,0,0,0,0,1,0,1,2,4,0,63,8,0,0,0,7,0,0,0,215,10,8,0,0,3,0
rgn.4.6,0,0,0,1,0,0,1,0,0,54,0,0,0,0,0,87,28,3,0,2,12,3,0,19,0,0,5,0,164,0,0,1,0,1,0,6,1,1,6,0,0,3,0,0,0,0,0,105,7,12,0,0,1,0,0,0,2,0,54,38,122,55,3,526,3,1,0,0,0,0,106,1,0,0,0,0,0,0,0,0,6,0,0,0,0,0,0,2,0,0,0,0,43,0,34,0,0,0,0,1,0,0,5,0,0,4,0,0,0,394,1,150,429,0,319,869,0,0,0,0,0,14,0,0,5,0,5,2,0,0,0,1,77,0,0,0,0,0,0,1,0,0,4,0,4,0,1,0,185,0,0,5,0,0,0
rgn.4.7,0,0,0,3,0,0,0,0,4,139,0,0,1,1,0,262,2,2,2,0,0,28,34,0,0,0,0,1,138,0,0,3,0,1,1,4,0,38,0,0,0,11,427,5,0,0,0,56,7,9,0,0,0,0,0,0,4,0,195,10,0,45,0,0,1,0,2,0,0,164,1,0,0,0,1,0,3,0,0,0,3,0,0,0,0,0,0,0,0,0,0,1,46,5,0,373,0,0,0,0,0,0,4,0,0,0,0,0,0,0,5,295,0,0,126,293,1,0,6,0,0,2,0,0,4,0,22,124,0,0,0,0,0,0,1,0,0,0,0,1,0,0,2,0,599,1,3,0,385,0,66,1,0,0,8
rgn.4.8,5,59,0,1,0,0,0,4,19,12,0,0,2,0,0,0,0,234,1,16,0,324,0,0,8,2,0,2,8,64,0,17,8,5,0,104,2,3,25,0,3,54,0,0,0,0,13,69,0,94,0,0,0,3,0,0,55,0,33,603,0,70,2,0,0,0,30,0,0,4,1,10,0,0,9,0,0,0,0,0,3,0,0,0,1,0,185,0,0,0,0,39,0,1,0,0,0,0,0,3,6,2,38,0,2,20,0,0,0,0,0,26,0,0,2,720,1,0,14,0,0,0,0,0,396,0,93,0,0,0,0,0,0,1,0,0,10,0,0,8,0,0,29,0,0,0,0,1,412,0,0,7,0,0,0
rgn.5.1,14,0,0,0,0,0,0,2,16,95,3,0,2,12,3,18,0,6,5,11,0,177,0,2,27,0,3,8,63,23,0,66,8,18,0,116,13,20,15,0,0,38,55,0,6,4,9,8,3,37,0,1,0,5,0,0,19,0,156,329,0,153,0,0,0,0,63,0,0,30,1,0,0,0,3,0,1,0,0,0,6,0,0,0,3,4,0,0,0,0,0,27,16,4,9,9,0,10,0,0,3,18,179,0,0,18,0,1,0,0,3,88,0,190,18,749,3,0,1,7,1,0,7,13,22,0,140,3,0,0,0,3,0,6,0,2,59,0,0,1,4,100,0,0,41,0,0,1,464,11,0,0,3,0,0
rgn.5.10,1,3,0,27,0,0,3,0,18,51,0,0,2,10,0,39,0,76,0,1,1,73,0,0,9,0,3,0,56,21,6,0,1,11,1,101,2,19,13,0,0,46,3,2,1,0,0,62,1,55,0,129,0,0,0,0,11,0,58,247,25,104,0,0,0,0,13,0,0,13,53,10,0,0,11,0,0,2,5,0,17,0,1,0,0,0,23,33,0,0,0,16,2,3,7,32,0,0,0,0,0,0,95,0,0,1,0,0,0,44,21,94,16,0,146,920,0,1,3,0,0,0,0,0,267,0,38,1,0,0,0,0,0,0,0,0,4,0,0,16,0,179,5,0,51,0,0,2,523,0,10,4,0,0,0
rgn.5.13,12,0,0,7,0,0,6,0,6,16,0,0,1,6,0,6,0,170,7,25,9,119,0,0,2,1,0,4,118,0,0,24,1,15,3,90,11,38,5,1,0,51,16,0,0,2,9,63,1,36,0,1,1,0,0,0,55,0,55,267,11,16,0,179,17,4,19,0,0,18,33,8,0,0,12,0,3,0,0,0,7,0,0,0,1,5,0,12,0,0,0,17,7,1,0,3,1,1,3,4,5,0,81,0,3,8,0,0,0,90,6,45,69,0,66,975,0,0,5,3,0,0,0,1,268,0,71,0,0,0,0,1,99,1,0,0,10,1,0,16,2,108,8,1,62,0,0,9,256,0,0,8,1,0,0
rgn.5.14,2,0,9,0,0,0,0,0,8,110,0,0,0,0,0,181,0,9,0,0,0,51,4,0,9,0,0,0,211,8,0,16,0,25,0,43,0,47,8,0,0,36,54,3,0,0,0,76,9,13,0,1,0,0,0,0,2,0,82,88,0,100,0,0,0,0,13,0,0,147,4,2,0,0,0,0,0,0,0,0,6,0,0,0,0,0,0,3,0,0,2,1,16,32,0,418,0,3,1,0,1,1,2,0,0,0,0,0,0,0,8,229,0,0,44,578,0,0,4,33,1,0,0,0,59,0,40,45,0,0,0,1,0,0,0,0,3,0,0,1,0,0,2,0,640,0,3,3,389,0,16,0,0,5,0
rgn.5.15,1,0,0,0,0,0,0,1,7,38,0,0,0,6,0,70,4,5,15,0,0,24,25,0,0,0,0,0,227,1,0,1,0,12,1,20,0,7,14,0,0,15,320,2,0,0,12,57,6,3,0,0,0,1,0,0,2,0,105,67,39,72,0,2,0,0,3,0,0,98,2,1,0,0,0,0,0,0,0,1,3,0,0,0,0,0,2,2,0,0,8,6,156,20,0,151,0,7,0,0,0,0,11,0,0,2,0,0,0,0,21,131,3,10,180,1092,5,0,1,19,0,19,0,0,13,3,33,16,0,0,0,0,0,0,0,0,0,8,0,1,0,12,6,0,349,0,2,3,360,0,0,0,0,0,4
rgn.5.16,0,0,0,17,1,0,2,0,2,169,0,0,1,3,0,41,0,8,0,0,6,13,0,5,2,1,0,1,27,0,0,2,0,1,1,32,3,1,7,0,0,11,1,0,0,0,0,147,12,10,0,1,0,2,0,0,3,0,35,39,37,296,0,171,53,15,9,0,0,0,4,12,0,0,0,0,0,0,0,0,1,0,0,0,0,0,0,3,0,0,0,0,7,0,0,1,23,1,1,1,0,0,34,0,0,0,0,0,0,49,2,198,52,0,56,1499,0,0,0,0,0,0,0,0,16,0,10,28,0,0,0,1,597,0,0,0,0,0,0,26,0,23,20,0,0,0,0,0,128,8,0,0,0,0,0
rgn.5.17,7,0,0,54,3,0,1,0,0,121,0,0,0,1,0,27,5,29,0,0,5,22,0,2,1,0,0,4,78,0,0,2,2,1,0,22,13,9,5,0,0,11,9,2,0,0,3,46,0,12,2,0,0,0,0,0,2,0,36,51,0,38,0,489,0,21,5,0,0,61,66,1,0,0,1,0,3,0,0,0,1,0,0,0,1,0,0,0,0,0,0,0,16,0,0,0,32,0,0,0,0,0,73,0,0,4,0,0,0,162,7,51,149,90,441,1067,0,0,0,0,0,1,0,0,11,0,24,0,0,0,0,0,186,0,0,0,8,0,0,13,1,0,0,0,223,1,0,0,142,0,0,3,0,0,0
rgn.5.2,3,0,0,1,0,0,2,0,7,72,1,0,0,12,0,94,1,100,23,13,2,138,0,0,3,1,0,6,135,7,0,13,1,6,5,108,0,38,6,0,1,57,12,2,3,0,4,23,3,17,0,0,1,1,0,2,33,0,95,277,0,8,0,3,0,3,23,0,0,131,1,1,0,0,7,0,0,0,0,0,9,0,0,0,1,0,0,0,0,0,1,0,8,9,0,166,1,2,0,0,0,0,29,0,2,0,0,6,0,1,8,102,8,80,126,570,0,0,9,3,0,1,0,4,95,0,111,38,0,0,0,3,61,3,0,0,5,0,0,43,4,61,1,0,413,0,6,1,414,2,16,3,0,2,0
rgn.5.3,4,0,3,5,0,0,0,1,0,30,0,0,0,4,0,5,87,18,3,2,1,16,0,4,6,0,6,0,2,0,0,13,0,11,6,72,1,5,11,0,0,19,125,0,0,0,2,35,0,13,0,0,0,0,0,1,3,0,10,46,0,339,0,297,78,7,9,1,0,3,44,2,0,0,0,0,1,0,0,0,5,0,0,0,0,3,0,0,0,0,4,0,0,1,9,0,6,0,0,1,0,0,13,0,0,2,0,0,1,110,5,28,126,146,3,1052,0,0,0,0,7,0,0,2,53,0,59,2,0,0,0,0,546,4,0,0,7,85,0,103,0,149,0,0,0,0,0,1,97,3,0,0,1,0,0
rgn.5.6,5,0,0,1,0,0,14,1,4,5,1,0,0,6,0,4,12,359,23,4,4,142,1,0,7,0,1,6,10,3,0,26,8,19,5,284,7,42,3,1,0,97,22,0,0,0,2,24,2,35,0,0,0,1,0,1,120,6,29,667,1,29,1,18,0,1,45,0,0,13,3,0,0,0,7,0,0,0,0,1,6,0,1,0,2,3,0,5,0,0,0,0,15,1,2,21,0,1,0,8,0,0,62,0,1,5,0,0,6,3,0,28,2,16,9,674,0,0,6,2,0,1,0,1,358,1,176,6,0,0,0,0,69,2,0,1,8,2,0,25,5,0,11,0,18,0,0,1,258,8,2,1,0,0,0
rgn.5.7,0,0,0,5,0,0,18,4,15,21,0,0,0,25,0,3,0,11,1,21,0,351,0,0,14,0,0,0,0,0,0,0,1,0,8,157,11,0,3,0,0,35,24,0,0,0,0,81,0,64,5,0,0,0,0,0,57,0,0,823,0,89,0,0,1,0,123,0,0,0,8,5,0,0,0,0,1,0,0,0,5,0,1,0,1,4,0,3,0,0,0,0,36,0,1,0,0,0,1,0,0,0,49,1,2,2,1,0,11,0,0,70,72,11,0,1006,0,0,3,0,0,0,0,0,295,3,102,0,0,0,0,0,0,0,0,0,2,0,0,180,6,0,0,0,1,0,0,0,115,0,2,27,0,0,0
rgn.6.1,4,0,0,0,0,0,3,0,3,26,0,0,0,10,0,18,0,47,5,234,0,112,0,0,11,0,0,1,9,0,0,99,18,5,1,158,25,0,0,0,0,63,6,0,0,0,0,8,5,52,4,0,1,0,0,0,6,0,46,470,0,58,2,0,0,0,73,0,0,0,0,0,0,0,3,0,0,0,0,0,3,0,0,0,0,1,0,2,0,0,0,0,0,4,3,0,0,0,0,0,0,0,238,0,1,9,32,0,9,0,0,31,6,204,15,1304,0,0,9,1,0,0,0,0,89,0,122,0,0,0,0,0,0,0,0,0,27,0,0,34,4,0,0,0,0,0,0,1,263,0,1,0,0,0,0
rgn.6.10,47,0,0,50,0,4,8,1,3,91,0,0,1,3,2,36,4,141,25,1,36,75,0,0,0,3,3,12,0,1,0,11,2,2,0,141,17,5,33,0,0,35,10,0,1,2,0,41,0,20,1,0,0,3,0,0,134,0,79,245,0,17,0,256,4,11,23,0,0,23,10,3,0,0,1,0,0,0,0,1,1,0,0,0,0,1,0,0,0,0,0,0,0,1,16,0,0,0,27,33,0,4,150,0,1,18,0,0,2,148,1,114,106,32,593,572,0,0,0,1,0,0,0,0,32,0,60,0,0,0,0,0,0,19,0,1,29,0,0,5,0,0,0,0,29,0,0,1,285,0,32,0,0,0,0
rgn.6.11,0,0,0,0,0,0,0,0,0,1,0,0,4,50,0,0,0,3,0,10,1,265,0,0,57,0,9,0,0,84,0,23,4,65,0,181,1,118,3,0,0,70,0,0,0,0,2,88,0,51,0,0,1,0,0,0,3,0,1,256,0,7,1,0,1,0,89,0,0,0,7,3,0,0,3,0,0,0,0,0,3,0,0,0,0,2,0,0,0,0,0,18,0,0,0,0,0,0,0,0,0,0,3,0,2,0,0,0,1,1,0,1,1,0,0,2017,0,0,15,0,0,0,0,0,99,0,87,0,0,0,0,0,0,0,0,0,0,0,0,28,9,0,2,0,0,0,0,2,241,0,0,6,0,0,0
rgn.6.12,2,0,0,5,0,0,14,0,0,56,1,0,2,14,0,23,0,117,0,0,0,174,1,0,18,0,0,7,38,0,0,33,0,6,9,231,13,9,9,0,0,68,12,0,0,0,0,78,0,47,1,0,0,0,0,0,62,0,67,318,0,25,0,1,1,0,50,1,1,16,10,0,0,0,5,0,0,0,0,0,0,0,0,0,0,6,0,0,0,0,0,0,3,1,0,1,0,0,1,0,0,0,48,0,2,5,10,0,0,29,4,110,12,0,44,1182,0,0,3,4,0,0,0,7,60,0,189,0,0,0,0,0,0,0,0,2,5,0,0,32,3,0,0,0,13,0,0,1,617,0,52,2,0,0,0
rgn.6.13,0,0,0,0,0,0,16,0,13,3,0,0,0,0,0,0,0,128,0,51,0,137,0,0,10,0,0,0,1,0,0,88,15,0,2,132,1,0,13,0,0,154,0,0,0,0,0,0,0,32,1,0,0,0,0,0,23,0,4,415,0,10,2,3,0,1,42,0,0,0,0,34,0,0,0,0,0,1,0,0,6,0,0,0,1,0,403,1,0,0,0,0,0,0,1,0,0,0,4,0,0,0,29,0,0,13,7,0,0,0,0,2,2,33,0,1130,0,0,0,0,0,0,0,0,60,7,243,0,0,0,0,0,0,1,0,2,1,0,0,196,0,0,0,0,0,0,0,1,390,0,0,104,0,0,0
rgn.6.14,0,0,0,1,0,0,0,0,0,98,1,0,0,0,0,0,51,4,0,0,0,2,10,7,45,0,0,0,18,2,0,1,5,1,0,19,0,0,1,0,0,2,431,0,0,0,0,173,0,12,0,0,0,0,0,0,2,0,2,26,12,237,0,140,101,53,3,0,0,41,161,2,0,0,0,0,4,0,0,0,5,0,0,0,0,0,10,0,0,0,0,0,18,0,1,2,1,0,2,0,4,0,0,0,0,0,1,0,0,149,12,145,239,0,14,1017,0,0,0,3,0,0,0,0,16,1,9,8,0,0,0,0,58,0,0,0,0,1,0,230,0,4,31,0,114,0,1,1,185,0,1,9,0,0,5
rgn.6.15,3,0,0,0,0,0,13,0,0,233,0,0,0,7,0,77,0,87,3,10,3,48,0,0,7,0,0,2,32,1,0,17,2,2,0,55,2,3,8,0,0,13,23,0,0,0,0,147,8,23,0,0,0,1,0,0,26,0,57,134,0,409,1,0,0,0,31,0,0,39,15,1,0,0,2,0,0,0,0,0,2,0,0,0,1,0,1,0,0,0,0,4,54,0,10,327,0,8,2,2,2,0,41,0,1,0,1,0,9,0,0,360,19,20,165,951,0,0,1,2,0,21,1,0,36,0,50,0,0,0,0,0,0,3,0,1,6,0,0,8,2,8,4,0,197,1,0,1,127,0,3,2,0,0,0
rgn.6.16,0,0,0,2,0,0,0,3,13,122,2,0,0,5,0,2,0,1,0,10,0,67,4,0,14,0,3,1,11,24,0,1,0,18,4,40,4,41,16,0,0,28,323,0,0,0,0,111,1,49,0,0,1,2,0,2,151,0,15,375,0,147,0,4,0,0,37,0,0,0,1,3,0,0,0,0,2,0,0,0,11,0,0,0,0,0,5,1,0,0,1,6,1,2,0,33,0,4,0,0,2,0,7,0,0,1,0,0,0,0,0,33,0,7,1,1464,1,0,1,0,0,0,0,0,104,0,94,0,0,4,0,0,0,2,0,1,2,2,0,9,1,68,8,1,14,0,0,10,338,0,0,7,0,0,9
rgn.6.17,1,0,0,1,0,0,0,2,28,261,1,0,0,9,0,76,0,32,0,0,3,151,5,0,31,0,11,6,11,5,0,48,1,15,5,217,6,26,4,0,0,78,215,0,0,0,13,152,22,119,0,1,0,3,0,1,11,0,58,196,0,419,2,57,1,0,5,2,0,2,10,1,0,0,0,0,4,1,0,0,13,0,0,0,0,2,2,0,0,0,2,0,0,0,0,0,1,6,3,4,17,0,59,0,0,3,0,0,0,8,1,281,36,7,26,634,7,0,4,4,0,0,0,1,71,0,161,0,0,0,0,13,0,2,0,1,17,10,0,16,2,0,0,0,0,0,0,4,215,0,0,14,1,0,1
rgn.6.18,1,0,3,0,0,0,0,0,4,62,1,0,0,0,0,152,9,2,5,8,0,10,22,0,1,1,0,0,188,3,0,7,0,1,0,2,1,47,5,0,0,6,249,4,0,0,0,70,15,10,0,0,0,0,0,0,2,1,137,29,0,14,0,0,0,0,4,1,0,99,0,1,0,0,0,0,1,0,0,0,8,0,0,0,0,0,0,10,0,0,2,4,12,3,0,252,0,14,0,0,0,0,11,0,0,0,0,0,0,0,10,244,0,0,93,962,1,0,2,2,0,19,0,0,7,0,15,152,0,0,0,0,0,0,0,0,4,0,0,0,0,23,1,0,420,0,0,0,446,0,4,1,0,0,8
rgn.6.2,10,0,0,0,0,0,6,1,36,7,2,0,2,8,0,10,0,6,2,5,0,130,0,0,13,2,8,0,1,19,0,42,3,10,6,82,3,7,9,0,0,85,13,0,1,0,0,40,0,43,0,0,1,0,1,0,61,0,54,258,0,14,0,13,0,0,39,0,0,4,1,2,0,0,11,2,0,0,0,0,1,1,0,0,0,3,0,1,0,0,2,22,0,0,0,0,0,0,98,0,0,0,78,0,0,5,0,5,0,2,4,12,4,17,0,1408,0,0,6,2,1,0,0,1,160,1,175,0,0,2,0,0,0,6,0,1,20,0,0,25,2,5,28,0,0,0,0,11,442,38,0,1,1,0,0
rgn.6.3,2,0,0,0,0,0,0,5,23,12,2,0,0,7,2,27,0,45,3,16,1,86,0,1,12,0,3,0,43,20,0,4,2,26,0,88,5,26,24,0,0,62,69,1,1,1,2,57,0,72,0,1,0,6,0,0,11,0,39,218,0,46,0,8,0,0,25,1,0,12,1,4,0,0,2,3,2,0,0,0,8,0,0,0,0,0,0,65,0,0,0,15,13,1,0,9,0,0,0,0,2,2,39,0,0,1,0,0,0,0,9,42,1,37,29,1791,0,0,4,1,0,0,0,0,204,0,85,7,0,0,0,0,0,1,0,0,2,0,0,58,1,0,19,0,56,0,0,0,338,1,0,13,1,0,0
rgn.6.4,4,0,0,10,0,0,19,0,12,21,2,0,2,3,1,14,0,168,28,0,5,78,0,0,30,0,0,11,11,9,0,30,4,8,9,143,9,23,28,0,0,56,4,0,0,0,2,48,1,58,1,0,0,0,0,0,64,0,34,283,0,69,0,109,3,0,57,0,0,8,51,0,0,0,21,0,0,0,0,0,2,0,0,0,2,1,47,0,0,0,0,7,3,0,0,5,3,0,0,12,1,0,55,0,1,13,0,0,5,76,1,56,110,91,18,1199,3,0,3,2,0,0,0,2,191,0,169,0,0,0,0,0,0,8,0,1,11,0,0,75,2,0,1,0,0,0,0,3,207,50,2,0,0,0,0
rgn.6.9,24,0,0,24,0,0,8,3,12,1,1,0,0,9,0,10,0,44,0,5,7,97,0,0,6,5,19,4,0,20,0,26,3,14,1,124,23,35,10,0,0,130,48,0,0,1,8,50,0,94,0,0,8,3,0,0,40,12,46,203,0,327,1,39,1,0,25,0,0,4,15,19,0,0,7,0,0,0,0,0,3,1,0,0,0,1,0,35,0,0,0,10,0,0,0,5,0,1,0,7,3,0,116,0,1,11,0,0,0,28,0,48,9,15,0,1208,0,0,4,1,0,0,0,0,242,2,96,1,0,0,0,5,0,2,0,0,5,3,0,227,1,0,11,0,0,0,0,1,214,0,0,60,0,1,0
rgn.7.1,0,0,0,3,0,36,73,0,0,8,0,0,7,52,0,9,1,344,10,11,5,344,0,0,8,0,0,0,0,0,0,15,2,5,3,322,0,3,0,0,0,134,4,0,0,0,0,13,0,49,6,0,0,0,0,0,15,0,33,567,1,12,9,2,0,0,246,0,0,12,0,1,0,0,1,0,0,0,0,0,4,0,0,0,15,1,0,1,0,0,0,0,0,1,0,26,0,0,0,4,0,1,43,0,2,4,0,0,29,0,0,37,4,126,7,704,0,0,2,0,0,0,0,0,131,0,295,0,0,0,0,0,0,0,0,0,1,0,0,11,1,0,0,0,53,0,0,0,128,0,0,1,0,0,0
rgn.7.11,1,0,0,6,1,0,4,0,0,18,0,0,0,15,0,5,7,5,0,0,1,35,0,2,1,0,1,0,33,0,0,1,0,1,2,13,1,2,1,0,0,14,4,0,0,0,0,18,0,3,0,0,0,0,0,0,1,0,14,51,0,20,0,281,13,26,1,1,0,2,2,12,0,0,1,0,0,0,0,0,12,0,0,0,0,0,0,4,0,0,0,1,0,0,0,3,44,0,0,0,0,0,7,0,1,0,0,0,0,151,3,20,63,0,2,730,0,7,0,1,0,0,0,0,26,0,19,12,0,0,0,0,2031,0,0,0,1,0,0,84,1,0,0,0,10,0,0,0,82,2,0,12,0,0,0
rgn.7.14,2,0,0,10,3,0,0,0,3,33,0,0,0,5,0,90,33,18,0,5,0,29,1,3,7,1,0,0,63,0,0,7,0,2,1,35,0,1,1,0,0,21,27,2,0,0,2,225,6,13,0,0,0,0,0,0,3,0,66,28,35,67,0,87,1,0,13,0,0,124,1,1,0,0,0,0,1,0,0,0,0,0,0,0,0,0,0,0,0,0,0,1,39,0,250,25,3,2,86,0,5,0,49,0,0,10,0,1,0,40,68,294,149,0,253,774,0,0,0,0,0,0,0,1,45,1,15,11,0,0,0,0,55,0,0,0,1,0,0,15,0,0,1,0,416,0,4,0,268,6,18,0,0,0,1
rgn.7.15,6,0,0,1,0,1,9,0,1,123,0,0,2,2,0,147,5,76,7,0,2,22,20,2,5,0,0,1,86,0,0,4,0,10,1,61,1,34,3,0,0,24,213,1,0,0,0,75,14,11,0,0,0,0,0,0,7,0,56,159,7,78,0,100,1,0,32,0,0,89,6,0,0,0,2,0,0,0,0,0,3,0,0,0,0,1,0,0,0,0,1,0,18,36,1,209,1,9,0,0,0,0,24,0,0,3,2,1,10,12,20,317,47,0,433,332,1,0,0,1,0,0,0,3,21,0,101,120,0,0,0,0,0,1,0,0,5,0,0,2,4,0,0,0,305,0,2,3,406,0,0,0,0,0,3
rgn.7.18,6,0,0,10,0,0,1,0,0,47,0,0,1,8,1,39,0,10,33,1,4,190,3,0,24,0,5,10,190,31,0,77,16,40,0,123,2,30,14,0,1,63,194,2,2,1,2,74,3,38,0,0,0,3,0,0,18,2,56,218,1,30,0,0,0,0,41,0,0,45,5,4,0,0,3,0,0,2,0,0,6,5,0,0,1,4,0,0,0,0,0,0,22,4,2,134,0,6,0,1,0,0,83,0,2,10,0,0,1,0,4,87,2,4,90,833,0,0,2,2,0,0,0,1,164,0,119,5,0,0,0,0,0,1,0,1,19,2,0,65,2,1,0,0,137,0,1,5,421,0,0,9,0,0,5
rgn.7.19,0,0,0,0,0,0,1,3,10,313,0,0,0,2,0,15,4,3,0,1,0,53,0,0,8,0,3,1,147,3,0,1,1,9,1,32,0,6,3,0,0,24,90,0,0,0,1,191,4,27,0,5,0,0,0,0,1,0,27,106,4,111,0,5,1,0,14,0,0,107,5,5,0,0,0,0,0,1,0,0,7,0,0,0,0,1,0,0,0,0,0,8,13,0,0,113,0,2,18,0,0,0,19,0,0,1,0,0,0,0,32,271,45,0,137,1295,2,0,2,0,0,0,0,0,102,1,27,0,0,0,0,0,8,0,0,0,3,0,0,9,0,20,2,0,309,1,4,1,194,0,1,1,0,0,0
rgn.7.2,0,5,0,2,0,0,1,1,16,86,0,0,0,0,0,62,1,92,5,0,1,43,0,0,4,0,0,1,39,7,0,0,0,5,0,47,0,0,11,0,0,18,13,2,0,0,0,58,3,17,0,0,0,0,0,0,25,0,29,92,15,132,1,36,2,0,45,0,0,70,4,4,0,0,1,0,1,0,0,0,0,0,0,0,2,0,77,34,0,0,0,0,11,2,97,1,3,0,0,0,0,0,14,0,0,6,1,0,0,25,2,406,113,11,91,1444,3,0,5,0,0,1,0,0,99,1,42,0,0,0,0,0,20,0,0,1,0,3,0,5,6,0,21,0,270,0,0,1,179,0,0,0,0,1,0
rgn.7.3,0,0,1,0,0,0,0,9,8,31,0,0,0,15,0,15,8,56,0,10,0,32,0,0,7,0,0,0,0,2,0,18,1,0,6,64,0,0,25,0,0,12,102,0,0,0,0,134,2,28,0,0,0,0,0,0,0,0,4,190,0,231,0,0,0,0,0,0,0,0,23,0,0,0,2,0,2,0,0,0,0,0,0,0,0,0,0,0,0,0,1,0,2,0,0,1,2,0,0,0,1,0,7,0,0,3,1,0,23,0,0,217,0,61,55,2185,0,0,0,0,0,0,0,0,93,0,2,0,0,0,0,0,1,0,0,0,1,0,0,53,0,0,0,0,0,0,0,0,247,0,0,0,0,1,2
rgn.7.4,2,0,4,84,0,3,1,1,19,19,0,0,0,18,0,5,2,25,0,125,2,71,1,0,5,0,6,2,20,7,0,6,0,4,0,52,0,3,21,0,0,31,7,1,1,0,0,48,2,51,0,0,0,1,0,0,25,0,16,240,11,161,0,374,4,24,12,0,0,2,43,1,0,0,0,0,0,0,0,0,0,0,0,0,0,0,0,75,0,0,2,28,2,0,3,0,4,0,52,0,19,0,21,0,0,0,0,0,0,116,2,72,93,0,11,1415,11,0,4,2,0,0,4,0,98,0,27,0,0,0,0,1,70,4,0,0,3,2,0,0,1,0,14,0,7,0,1,0,163,2,4,1,0,0,0
rgn.7.5,0,0,3,12,0,0,3,0,0,46,0,0,1,13,0,2,0,88,0,1,3,128,2,0,7,0,0,0,37,0,0,17,0,0,17,76,4,2,29,0,0,27,243,0,0,0,0,71,5,32,0,0,0,2,0,0,63,0,9,266,0,325,0,4,0,1,26,0,0,1,74,48,0,0,4,0,1,0,0,0,0,0,0,0,4,0,0,0,0,0,0,0,0,0,0,0,0,1,0,7,0,0,39,0,0,3,0,0,2,53,0,76,74,99,3,1131,3,0,0,0,4,0,0,0,94,1,78,0,0,0,0,0,0,0,0,2,0,43,0,229,0,0,1,0,0,0,0,0,69,39,0,232,0,0,0
rgn.7.6,3,0,0,0,0,0,0,1,5,9,0,0,0,3,1,0,9,16,1,0,4,53,2,0,6,1,6,4,19,1,0,15,1,4,1,92,3,14,16,0,0,70,132,0,0,0,4,32,0,34,0,0,0,2,0,2,2,1,23,208,3,23,0,10,59,4,35,0,0,5,6,4,0,0,2,0,0,0,0,0,33,0,0,0,0,0,0,0,0,0,0,0,0,0,0,1,1,2,0,2,0,0,16,0,0,2,0,0,0,1,1,10,2,12,6,2222,1,0,2,1,0,0,0,0,152,0,50,1,0,0,0,2,226,0,0,0,4,0,0,45,0,0,0,0,7,0,0,0,228,0,0,0,0,0,4
rgn.7.7,10,0,2,13,0,0,1,3,39,16,0,0,1,10,1,7,0,128,0,71,0,134,0,0,16,0,8,0,0,197,0,15,1,13,2,128,3,5,87,0,0,79,44,0,2,0,3,2,0,47,0,1,0,4,0,0,103,0,23,229,0,50,0,4,4,7,36,1,0,8,75,6,0,0,2,0,0,3,0,0,76,0,0,0,0,0,0,0,0,0,3,76,0,0,0,0,0,0,0,1,3,0,63,0,0,7,0,0,1,0,0,11,6,40,0,1101,10,0,0,4,0,0,1,0,88,0,166,0,0,0,0,2,78,8,0,1,8,3,0,62,1,0,0,0,0,0,0,2,420,4,0,101,0,0,0
rgn.7.8,0,0,0,1,0,0,0,13,7,38,1,0,1,0,0,36,0,5,6,16,0,35,1,0,5,0,14,1,15,24,0,2,0,14,0,79,2,10,16,0,0,28,194,1,2,0,0,2,13,29,0,10,0,1,0,0,108,0,33,217,0,131,0,0,0,0,9,0,0,6,3,3,0,0,0,0,2,12,0,0,2,0,1,0,0,0,0,36,0,0,0,22,28,0,0,47,0,21,0,0,4,0,11,0,0,0,0,0,0,1,1,139,0,108,40,1609,1,0,0,0,1,0,0,0,139,11,60,8,0,0,0,1,0,3,0,0,0,0,0,18,1,75,5,0,77,0,0,1,335,0,2,43,0,0,1
rgn.8.1,26,0,0,2,0,0,8,5,20,1,0,0,0,2,0,6,0,24,1,0,0,27,0,0,19,9,0,11,8,14,0,38,1,20,5,122,8,7,7,0,0,106,1,0,0,0,24,54,0,62,0,0,0,0,0,2,48,1,108,416,0,4,2,0,0,0,37,0,0,12,0,0,0,0,8,0,6,1,0,0,3,0,0,0,0,1,6,0,0,0,0,0,0,0,0,5,0,0,0,7,1,0,120,0,0,20,0,0,0,0,3,2,2,47,2,1534,0,0,8,4,0,0,0,0,271,0,124,0,0,0,0,0,0,2,0,0,29,0,0,1,2,0,109,0,0,0,0,7,395,0,0,1,2,0,0
rgn.8.10,1,0,0,19,0,0,0,0,9,115,0,0,0,3,0,8,0,30,0,0,0,43,0,0,6,0,0,1,183,17,0,0,0,19,1,54,3,34,6,0,0,11,120,0,0,0,0,45,3,21,0,0,0,0,0,0,12,0,39,223,0,36,0,0,0,0,12,0,0,23,0,4,0,0,2,0,0,0,0,0,4,0,0,0,0,1,0,1,0,0,0,3,27,4,0,81,0,9,0,0,2,0,9,0,1,0,5,0,0,0,5,147,1,1,61,1659,0,0,5,0,0,0,0,0,126,0,32,19,0,0,0,0,0,0,0,0,1,0,0,0,1,280,1,0,93,0,0,1,111,11,3,2,0,0,5
rgn.8.11,5,0,0,11,0,0,2,0,2,61,0,0,0,1,2,112,14,1,8,0,3,16,0,0,3,2,1,3,693,2,0,19,0,2,0,14,1,8,1,0,0,18,17,0,0,0,4,74,4,7,0,0,0,0,0,0,8,1,113,13,58,11,0,74,0,12,7,0,0,34,1,2,0,0,3,7,1,0,0,0,0,0,0,0,1,1,0,0,0,0,0,0,49,17,0,11,4,1,0,1,0,1,61,0,0,1,0,0,0,56,13,242,57,55,111,1001,0,0,6,0,0,0,0,0,2,0,8,9,0,0,0,0,379,0,0,0,6,0,0,1,1,14,2,70,126,2,0,0,138,1,9,9,0,0,0
rgn.8.13,0,0,0,0,0,0,0,0,27,63,1,0,1,1,0,38,0,548,0,11,0,18,1,1,7,0,4,2,229,6,1,20,6,1,2,110,1,15,12,0,0,4,24,1,0,0,30,79,5,12,0,0,0,0,0,0,202,0,35,177,0,27,0,1,1,2,18,0,0,1,1,9,0,0,17,3,3,0,0,0,1,0,0,0,0,0,0,5,0,0,0,40,39,8,0,87,0,15,0,0,10,3,21,0,0,0,0,0,0,0,13,166,17,0,145,1034,0,0,0,0,0,0,0,0,63,1,25,45,0,0,0,1,0,6,0,0,1,0,0,122,0,43,6,0,6,0,0,0,275,0,5,11,0,0,1
rgn.8.14,6,0,0,1,0,0,3,0,5,114,0,0,0,3,0,35,0,105,19,7,11,44,0,0,3,4,6,0,81,0,0,31,2,2,1,54,14,7,3,9,0,37,33,0,0,0,0,102,3,27,0,0,1,1,0,0,55,0,43,92,0,59,0,53,0,0,6,0,1,77,10,5,0,0,2,0,0,0,0,0,1,0,0,0,1,0,0,0,0,0,0,8,10,4,188,12,0,0,26,1,5,0,93,0,0,4,0,0,0,50,38,467,117,3,127,988,1,0,0,3,0,0,0,0,19,0,56,0,0,0,0,0,0,0,0,0,12,0,0,7,1,0,1,0,233,0,0,0,303,1,40,0,2,0,0
rgn.8.17,3,0,0,2,0,0,1,0,21,0,0,0,0,22,0,0,0,107,0,2,1,264,0,0,22,0,12,5,2,0,0,10,1,77,14,233,5,41,16,0,1,179,0,0,0,0,0,105,0,104,1,0,0,0,0,0,29,1,18,290,0,7,2,1,1,1,81,0,0,1,4,0,0,0,18,0,1,0,0,2,0,0,1,0,1,2,0,0,0,0,0,0,0,0,0,0,0,0,0,1,0,0,28,0,2,2,0,0,0,0,0,2,0,0,0,1353,0,0,10,2,0,0,0,0,300,0,118,0,0,0,0,0,0,0,0,0,3,0,0,12,1,163,0,0,0,0,0,0,284,3,0,1,0,0,0
rgn.8.18,3,0,2,0,0,0,8,0,1,4,0,0,10,7,0,5,0,247,1,0,3,203,0,0,12,1,1,19,0,0,2,130,7,68,8,230,3,24,13,3,0,145,2,1,3,1,1,2,0,45,3,14,0,0,0,0,131,3,19,605,0,1,0,60,2,0,105,0,0,1,12,2,0,0,2,0,0,7,2,0,0,0,0,0,0,4,0,4,0,0,0,0,0,0,0,0,0,0,3,3,0,0,25,1,0,12,0,2,2,13,0,7,1,40,0,496,0,0,0,0,0,0,0,1,128,0,362,0,0,0,0,0,10,0,0,0,37,1,0,17,17,0,7,0,0,0,0,27,586,0,0,3,0,0,0
rgn.8.19,0,0,0,2,0,0,0,0,1,131,0,0,0,0,0,0,3,162,1,0,1,0,0,0,15,0,0,0,0,3,0,4,1,1,3,84,0,4,2,0,0,29,126,1,0,0,3,192,11,1,0,0,0,0,0,0,52,0,10,16,56,56,1,487,4,8,4,0,0,96,28,0,0,0,2,0,1,0,0,0,1,0,0,0,0,0,0,0,0,0,0,0,1,0,25,0,9,0,1,0,6,0,2,0,0,0,0,1,0,113,15,275,104,0,436,733,0,0,1,0,0,0,0,0,2,0,4,0,0,0,0,0,15,0,0,0,1,0,0,47,0,9,8,0,383,1,0,0,188,1,4,0,0,0,0
rgn.8.2,3,0,0,3,0,0,3,0,0,18,0,0,0,0,0,22,4,3,22,0,0,17,0,0,0,1,3,2,205,0,0,11,0,1,0,28,1,10,2,1,0,11,6,3,0,0,0,100,0,11,0,0,0,1,0,0,11,0,64,45,14,15,1,5,0,0,21,0,0,77,3,0,0,0,2,0,0,1,0,0,3,0,0,0,0,0,0,0,0,0,0,3,17,13,2,7,1,0,0,0,0,0,59,0,2,0,0,0,0,1,15,222,2,0,215,1820,0,0,1,1,0,7,0,0,32,0,40,51,0,0,0,1,2,1,0,0,6,0,0,5,0,4,3,0,342,0,0,0,301,0,7,5,1,0,0
rgn.8.5,2,0,0,1,0,0,2,0,3,0,0,0,0,13,0,4,0,72,0,1,1,174,0,0,8,0,13,4,0,0,0,9,0,33,6,165,9,41,3,0,0,84,0,0,0,0,0,72,0,45,0,0,0,1,0,0,42,0,13,356,0,2,1,0,0,0,73,0,0,2,2,1,0,0,2,0,2,0,0,2,0,0,0,0,0,1,0,0,0,0,0,0,0,0,0,0,0,0,0,0,2,0,18,0,0,2,0,0,0,0,0,1,0,0,0,1968,0,0,5,0,0,0,0,0,216,0,90,0,0,0,0,0,0,0,0,0,3,0,0,7,1,114,0,0,0,0,0,3,304,0,0,0,0,0,0
rgn.8.6,0,0,0,27,0,0,2,0,1,22,0,0,0,0,0,87,2,144,7,1,4,14,0,0,0,2,2,1,107,1,0,1,3,3,0,22,2,1,5,0,0,7,7,0,0,0,2,158,0,13,0,0,0,0,0,0,3,0,58,12,8,22,0,60,0,0,11,0,0,90,47,0,0,0,2,1,1,0,0,0,2,0,0,0,0,0,0,0,0,0,0,0,47,17,44,19,6,0,0,1,3,0,34,0,0,0,0,0,0,40,6,167,30,1,112,1600,0,0,2,0,0,6,0,0,8,0,21,3,0,0,0,0,247,6,0,0,2,0,0,2,0,0,0,0,296,0,0,0,304,0,9,0,0,0,0
rgn.8.8,5,0,1,4,1,0,1,0,28,27,1,0,0,2,0,6,23,47,16,0,3,147,1,0,7,1,1,3,18,14,0,25,4,9,3,114,10,21,21,0,0,36,20,0,0,1,2,12,2,34,0,0,0,2,0,1,14,1,36,196,1,104,0,54,0,2,21,0,0,2,11,6,0,0,12,4,0,0,0,0,3,0,0,0,0,1,0,0,0,0,1,0,0,3,0,1,6,4,19,0,4,0,25,0,1,1,12,0,0,18,2,62,24,128,4,1952,0,0,1,1,0,0,0,0,117,0,80,2,0,0,0,0,6,0,0,0,10,3,0,37,3,73,9,0,16,0,0,0,200,0,0,26,2,0,0
rgn.8.9,1,0,0,45,0,0,0,0,0,92,0,0,0,1,1,122,2,11,1,0,1,27,0,0,0,0,6,3,217,4,0,2,0,1,1,22,0,4,4,0,0,3,14,2,0,0,0,60,2,15,0,0,2,0,0,0,69,1,76,30,0,115,0,4,0,22,1,0,0,53,0,29,0,0,0,0,1,0,0,0,1,0,0,0,0,0,0,1,0,0,0,0,66,13,0,183,0,6,0,0,0,4,34,0,0,1,2,1,0,3,10,225,8,16,141,1604,0,0,0,0,0,0,0,1,10,0,33,30,0,2,0,0,0,2,0,0,2,0,0,29,0,0,0,0,180,0,1,0,206,2,0,1,0,0,0
rgn.9.10,5,0,0,0,0,0,2,1,0,99,0,0,1,4,1,4,6,19,0,0,5,41,3,0,6,0,0,0,235,0,0,6,0,1,0,55,6,3,0,0,1,20,211,3,0,0,0,35,0,12,1,1,1,2,0,0,67,0,42,97,0,35,0,0,0,0,12,0,0,107,1,0,0,0,0,0,1,2,0,3,1,0,0,0,2,0,0,0,0,0,0,1,0,12,0,71,0,1,0,2,0,0,101,0,1,2,0,1,3,0,0,288,0,13,94,1292,0,0,0,1,0,0,0,0,35,0,58,1,0,0,0,0,0,0,0,1,8,0,0,1,0,0,0,0,459,1,1,1,373,0,0,9,0,0,4
rgn.9.11,0,0,0,8,0,0,0,0,0,12,0,0,0,2,0,8,0,183,2,0,5,93,0,0,3,3,0,5,82,0,0,0,0,3,1,150,3,22,6,0,0,54,14,0,0,0,0,36,0,25,1,0,0,0,0,0,14,0,31,280,0,47,0,0,0,0,71,0,1,0,26,5,0,0,2,0,0,0,0,0,0,0,0,0,3,1,0,0,0,0,0,0,29,0,0,33,0,3,0,1,0,0,24,0,0,2,0,10,24,3,4,47,13,0,16,1611,0,0,19,0,0,0,0,0,450,0,28,1,0,0,0,0,0,0,0,1,2,0,0,14,0,358,7,0,0,0,0,0,83,7,1,2,0,0,0
rgn.9.12,5,0,0,1,0,0,0,0,0,29,0,0,0,2,0,1,0,12,0,41,4,53,23,0,4,0,0,0,0,47,0,26,6,0,0,37,3,1,3,0,0,38,1021,0,0,2,0,66,0,19,0,0,0,0,0,0,172,3,23,296,0,98,0,0,0,0,27,0,0,0,0,31,0,0,1,0,0,0,0,0,4,0,0,0,0,2,0,0,0,0,0,0,0,0,0,0,0,0,0,1,0,0,47,0,2,0,13,0,3,0,0,2,0,0,0,1253,0,0,15,0,0,0,0,0,281,0,45,0,0,0,0,0,0,0,0,0,6,10,0,2,7,0,12,0,0,0,0,0,144,0,0,0,0,0,12
rgn.9.13,0,0,0,6,0,0,6,1,1,1,0,0,1,22,0,1,0,32,0,0,3,180,2,0,11,0,6,0,0,0,0,2,5,19,2,159,8,0,12,2,0,124,31,0,5,0,0,62,0,53,3,0,1,0,0,0,162,0,20,82,0,5,0,5,0,0,32,0,0,3,2,0,0,0,3,0,0,0,0,0,10,0,0,0,0,2,0,0,0,0,0,0,0,0,1,0,0,0,1,4,0,1,41,0,0,8,0,0,0,0,0,3,0,2,2,1583,3,0,22,0,0,0,0,0,710,0,253,0,0,0,0,0,0,0,0,1,1,2,0,63,3,0,0,4,0,0,0,0,179,0,0,5,0,6,0
rgn.9.2,0,0,0,0,6,0,0,1,6,106,0,0,0,0,0,2,3,30,50,1,1,0,0,3,0,0,0,0,3,0,0,1,0,0,0,3,1,0,4,0,0,3,265,0,0,0,2,95,0,4,0,0,1,0,0,0,29,0,4,5,0,765,1,64,0,37,1,0,0,0,0,0,0,0,5,0,7,0,0,0,1,0,0,0,0,0,1,0,0,0,0,0,0,2,0,7,0,3,0,0,11,0,3,0,0,0,0,0,0,59,0,294,233,1,9,724,0,0,0,0,0,1,0,0,17,0,8,0,0,0,0,0,0,0,0,0,0,7,0,956,0,0,10,0,9,0,0,0,79,0,2,1,0,0,0
rgn.9.3,1,0,0,0,0,0,6,2,13,17,1,0,0,3,0,8,0,30,7,0,1,88,0,0,6,3,26,7,0,35,0,25,0,2,1,140,26,0,10,0,0,77,57,0,0,2,6,82,1,64,0,0,0,2,0,0,62,1,31,383,0,42,1,0,0,0,67,0,0,1,27,30,0,0,10,0,0,0,0,0,2,0,0,0,0,4,0,0,0,0,0,0,0,0,0,0,1,2,5,6,0,0,89,1,0,12,0,0,0,0,0,12,1,2,2,1094,2,0,7,3,0,0,0,1,175,5,171,1,0,12,0,0,0,9,0,0,27,0,0,331,0,1,1,5,0,0,0,0,523,5,0,59,0,2,0
rgn.9.6,2,0,0,72,0,0,2,3,2,127,0,0,0,0,0,61,8,38,0,0,3,3,0,0,1,1,0,0,88,1,0,3,0,2,8,28,0,3,25,0,0,1,32,7,0,0,0,167,4,10,0,0,0,1,0,0,9,0,48,2,5,200,0,211,0,5,0,0,0,177,29,0,0,0,0,0,1,0,0,0,1,0,0,0,0,0,0,0,0,0,0,3,13,5,32,26,0,5,0,3,1,0,19,0,0,1,0,0,0,122,12,320,171,9,151,726,0,0,0,0,0,1,0,0,5,0,4,2,0,5,0,0,0,0,0,0,3,0,0,3,0,2,2,1,686,4,1,1,228,0,0,0,0,0,0
rgn.9.9,0,0,0,0,0,0,6,5,19,50,2,0,1,5,0,33,7,104,1,87,1,75,0,0,5,0,2,0,189,0,1,5,0,8,13,67,0,11,0,0,0,38,33,4,0,0,0,86,5,20,0,0,0,0,0,0,66,0,38,493,1,5,1,15,3,0,85,0,0,69,18,8,0,0,1,0,1,3,0,0,3,0,0,0,3,1,0,2,0,0,0,0,42,6,13,31,0,5,11,0,16,6,7,0,0,0,0,2,0,2,18,129,4,8,56,963,1,0,4,0,0,1,0,0,218,1,158,16,0,0,0,0,0,0,0,0,1,0,0,7,0,0,2,0,279,0,1,1,230,0,46,6,0,0,0
