"","Acetanaerobacterium","Acidaminococcus","Acinetobacter","Actinomyces","Adlercreutzia","Akkermansia","Alistipes","Allisonella","Allobaculum","Anaerococcus","Anaerofilum","Anaerorhabdus","Anaerosporobacter","Anaerostipes","Anaerotruncus","Anaerovorax","Atopobium","Bacteroides","Barnesiella","Bifidobacterium","Bilophila","Blautia","Brevibacterium","Bulleidia","Butyricicoccus","Butyricimonas","Caldimonas","Caloramator","Campylobacter","Catenibacterium","Citrobacter","Clostridium_III","Clostridium_IV","Clostridium_XI","Clostridium_XVIII","Clostridium_XlVa","Clostridium_XlVb","Clostridium_sensu_stricto","Collinsella","Comamonas","Coprobacillus","Coprococcus","Corynebacterium","Cronobacter","Denitrobacterium","Desulfotomaculum","Desulfovibrio","Dialister","Dietzia","Dorea","Eggerthella","Enterobacter","Enterococcus","Enterorhabdus","Erwinia","Erysipelothrix","EscherichiaShigella","Ethanoligenens","Eubacterium","Faecalibacterium","Filifactor","Finegoldia","Flavonifractor","Fusobacterium","Gardnerella","Gemella","Gemmiger","Geosporobacter","Gordonibacter","Gracilibacter","Granulicatella","Haemophilus","Hafnia","Halomonas","Hespellia","Holdemania","Howardella","Klebsiella","Kluyvera","Lachnobacterium","Lactobacillus","Lactococcus","Lactonifactor","Leuconostoc","Lutispora","Marvinbryantia","Megamonas","Megasphaera","Methanobrevibacter","Methylobacterium","Micrococcus","Mitsuokella","Mobiluncus","Mogibacterium","Moryella","Murdochiella","Mycoplasma","Negativicoccus","Neisseria","Odoribacter","Olsenella","Oribacterium","Oscillibacter","Pantoea","Papillibacter","Parabacteroides","Paraprevotella","Parasporobacterium","Parasutterella","Parvimonas","Peptococcus","Peptoniphilus","Peptostreptococcus","Phascolarctobacterium","Porphyromonas","Prevotella","Propionibacterium","Proteus","Pseudobutyrivibrio","Pseudoflavonifractor","Pseudomonas","Pyramidobacter","Rhodococcus","Robinsoniella","Roseburia","Rothia","Ruminococcus","Saccharofermentans","Salmonella","Selenomonas","Shewanella","Slackia","Sneathia","Solobacterium","Sphingomonas","Sporanaerobacter","Sporobacter","Staphylococcus","Stenotrophomonas","Streptococcus","Subdoligranulum","Succinivibrio","Sutterella","TM7_genera_incertae_sedis","Tepidimicrobium","Tindallia","Tissierella","Turicibacter","Unassigned","Vampirovibrio","Varibaculum","Veillonella","Victivallis","Weissella","Zimmermannella"
"CNTRL20",49,0,6,13,0,37,393,0,109,22,17,0,0,2,3,25,1,1293,114,100,4,27,0,0,12,14,0,26,0,4,0,419,25,96,16,157,0,66,28,0,0,85,0,0,0,14,0,0,0,11,9,3,1,17,0,2,1,22,16,1706,0,0,20,0,5,0,58,0,0,114,0,0,0,0,1,5,0,1,0,2,57,0,1,0,7,0,0,14,0,0,0,0,0,2,0,0,0,0,0,114,2,0,841,10,3,85,0,1,3,12,0,0,0,0,0,11567,2,0,29,14,0,0,0,0,925,2,388,4,0,0,0,6,0,5,5,0,63,0,4,37,3,0,4,6,0,0,0,9,567,0,0,3,0,1,0
"CNTRL23",0,64,0,5,0,82,166,0,7,0,6,8,0,62,0,22,0,1300,17,50,37,131,0,0,18,9,0,12,0,0,36,819,48,77,79,305,0,183,112,0,0,230,67,35,13,7,0,0,0,256,0,75,57,0,13,0,4401,29,580,2090,0,0,0,0,0,0,307,8,0,901,0,0,19,24,33,6,0,0,160,0,32,0,0,3,14,0,0,0,0,6,0,0,0,17,0,0,0,0,0,0,5,7,427,15,0,153,0,30,15,0,0,0,90,461,0,383,0,3225,0,0,0,0,0,11,187,0,344,33,11,0,19,35,0,0,0,0,54,0,0,80,0,0,0,0,0,9,0,16,1323,0,0,0,0,0,0
"CNTRL300",28,0,0,1,0,1,1,0,9,0,1,0,10,42,8,73,0,30,1,9,0,66,0,0,2,6,2,11,0,6,0,41,4,3,1,264,9,3,7,0,0,49,0,0,2,13,19,434,0,31,0,0,3,4,0,3,4,3,70,492,0,0,4,0,0,0,11,1,0,125,0,0,0,0,2,2,1,1,0,0,0,0,1,0,3,7,0,6,1,0,0,74,4,1,2,0,0,0,0,0,6,35,136,0,2,7,1,1,0,0,2,0,0,21,12,14929,0,0,1,9,0,0,0,2,27,0,165,12,0,2,0,2,0,18,0,0,50,0,0,2,1,1360,5,0,0,1,0,2,467,23,0,1,7,0,0
"CNTRL48",0,0,21,326,14,14,0,0,0,292,0,0,0,16,0,60,40,166,9,619,0,1171,0,0,23,0,0,127,0,15,0,22,0,360,985,2858,0,24,0,0,0,47,181,0,3,0,0,0,0,392,193,0,123,0,0,0,51,0,25,507,0,169,0,0,0,279,792,0,95,19,602,0,0,0,14,0,0,0,0,0,88,0,3,10,172,0,0,0,0,0,22,0,0,37,0,118,0,0,0,9,4,4,17,0,0,20,0,3,0,40,0,300,0,420,0,301,94,4,140,0,0,0,16,12,86,71,230,0,0,0,0,0,0,21,0,0,8,41,0,5177,24,0,0,45,145,0,0,3,1622,0,0,0,0,4,0
"CNTRL52",9,0,5,4,6,3,69,16,135,0,71,0,9,9,0,0,0,450,18,936,0,158,0,0,23,5,0,4,0,0,2,238,43,8,56,840,0,35,184,0,5,390,26,0,2,5,0,39,10,199,16,0,0,8,0,0,3,26,59,7772,0,0,4,0,0,18,335,0,4,284,15,0,0,52,11,22,0,2,0,3,96,2,3,0,25,7,0,0,0,6,0,0,0,0,0,0,0,0,0,12,0,6,429,0,0,26,0,5,6,0,0,0,0,0,0,777,0,0,58,12,0,0,0,0,2806,8,1567,0,0,0,17,6,0,7,0,0,40,0,0,170,37,0,12,5,0,0,0,4,1182,0,0,0,0,0,0
"CNTRL82",0,0,60,52,3,6,3,0,191,0,0,0,14,241,0,165,0,42,0,81,6,297,0,0,27,0,0,142,0,770,12,122,15,493,0,373,15,170,58,0,0,84,0,3,16,18,0,117,0,299,0,9,177,34,0,3,12,4,99,139,0,0,11,0,0,5,30,14,0,4457,0,0,0,26,14,3,0,0,0,0,5,3,2,1,13,6,0,0,491,0,0,0,11,4,0,0,0,0,1,0,13,0,1409,2,9,5,5,4,0,0,72,0,0,540,0,557,0,0,4,35,14,0,0,11,92,5,4986,171,0,0,9,3,0,80,4,1,201,7,4,10,0,0,8,2,0,8,0,0,1872,0,0,0,0,0,0
"CNTRL89",13,0,0,43,145,3,15,0,0,0,4,0,0,256,0,0,0,94,6,1328,0,2384,0,0,63,0,0,6,0,1152,0,34,41,143,49,471,0,485,509,0,5,732,39,4,54,0,0,24,0,398,11,7,237,3,0,0,30,9,212,376,0,0,0,0,0,13,584,0,4,55,0,0,0,0,46,0,0,43,0,9,73,147,8,0,31,18,0,0,2,0,0,0,0,20,0,0,0,0,0,0,6,7,166,3,0,0,0,8,0,0,0,0,0,0,0,614,0,0,30,11,9,0,0,9,740,10,6895,0,0,0,0,21,0,0,0,0,37,5,0,263,10,0,12,0,0,0,0,53,643,0,0,0,0,0,0
"CNTRLA1",0,37,0,75,17,926,30,0,32,0,2,0,15,758,7,92,25,1580,63,203,0,561,0,0,29,0,0,12,0,43,0,95,42,826,53,958,22,3289,161,0,7,607,0,3,5,3,0,349,0,214,108,0,5,4,0,0,2,0,206,876,0,0,10,0,0,22,133,8,6,75,0,0,0,0,41,3,4,0,0,88,24,13,5,0,23,6,0,0,1250,0,11,0,0,24,0,34,0,0,0,10,4,3,98,0,4,10,0,14,0,17,0,0,0,12,0,1235,9,0,52,6,8,0,0,2,1406,30,1278,0,0,0,0,5,0,11,0,0,19,4,0,267,0,0,0,6,240,0,0,205,750,0,0,139,0,2,0
"CNTRLA10",4,0,7,52,83,11,57,0,5,0,0,23,0,352,5,39,7,257,7,414,5,5532,0,0,9,4,0,16,0,6,24,344,39,102,155,861,0,291,200,0,0,570,40,46,96,0,0,21,0,475,16,29,78,4,0,0,646,0,498,876,0,0,4,0,0,31,692,0,6,396,22,0,84,14,116,23,0,0,47,7,45,41,9,31,13,0,0,0,2,2,0,0,0,6,0,0,0,0,0,0,5,6,224,0,0,9,0,32,0,0,0,0,0,198,0,286,21,5,28,14,0,0,0,14,826,8,976,0,14,0,5,58,0,4,0,2,36,12,6,150,5,0,0,0,0,0,0,15,1078,0,0,0,0,0,0
"CNTRLA11",7,0,0,11,25,69,32,0,20,0,5,0,6,100,5,10,6,349,29,681,0,2439,0,0,60,0,0,38,0,25,2,321,55,478,22,968,60,251,167,0,0,531,33,0,72,8,10,458,0,415,7,11,11,10,0,0,85,13,203,2240,19,63,0,0,0,5,410,9,2,845,10,0,0,6,39,3,20,0,0,47,31,4,7,3,76,9,0,0,339,0,0,6,0,21,9,0,0,0,0,0,31,5,166,0,0,35,20,33,0,0,0,0,71,12,0,636,0,3,36,11,10,0,0,42,1632,5,2965,21,0,0,3,25,0,0,0,1,36,0,0,48,0,22,0,4,0,0,0,44,1714,0,0,6,0,0,0
"CNTRLA2",14,0,41,6,5,3680,186,0,4,0,35,25,0,95,4,37,37,514,84,649,6,271,0,0,7,31,0,46,0,0,14,221,80,134,61,707,0,465,82,5,0,101,0,2,32,0,0,260,0,234,12,17,42,10,0,0,123,9,670,85,0,0,33,0,0,4,97,3,2,123,0,0,4,41,29,3,0,0,3,3,15,2,0,0,9,0,0,0,173,4,4,0,0,10,0,0,0,0,0,9,57,0,95,2,0,70,0,12,0,0,0,75,0,0,0,156,8,3,143,18,15,0,0,8,7892,3,546,0,2,0,9,10,0,0,0,0,22,0,8,10,4,0,39,0,0,4,0,16,1013,0,0,0,0,0,0
"CNTRLA3",42,0,0,6,0,34,427,0,94,0,9,3,14,56,0,58,0,755,81,273,10,192,0,0,11,19,0,28,0,0,21,399,33,159,43,288,9,140,197,0,0,417,28,6,0,16,95,0,0,137,12,26,62,18,3,0,1032,16,119,1826,0,0,13,0,0,4,169,0,0,166,9,0,3,7,7,0,0,3,26,4,306,4,5,0,20,4,0,0,0,0,7,0,0,10,0,0,0,0,0,69,0,8,550,2,6,59,0,5,6,38,0,136,0,72,0,6741,0,704,85,5,3,0,0,2,1875,0,629,8,0,0,6,6,0,0,0,0,20,3,0,42,11,0,13,9,0,0,0,28,820,0,0,6,0,8,0
"CNTRLA4",0,0,0,22,16,289,56,0,104,0,0,8,0,15,0,20,11,584,85,2202,8,130,34,0,0,19,0,33,0,10,26,504,6,312,171,115,0,227,50,0,0,91,67,25,35,0,0,36,23,84,5,32,11,68,0,0,366,6,39,415,0,0,7,0,0,61,262,0,3,40,20,0,42,131,0,0,0,0,13,0,3285,7,0,3,10,0,38,0,0,8,0,0,0,9,0,0,0,0,0,0,7,0,108,0,0,25,0,0,0,0,0,0,0,42,0,7198,8,11,26,0,0,0,0,5,421,6,142,0,4,0,54,3,0,0,14,0,38,0,0,122,25,0,0,0,0,0,0,15,1209,0,0,13,0,0,0
"CNTRLA5",4,0,0,22,13,205,26,0,195,0,4,0,7,403,6,0,15,246,5,1141,0,2111,0,0,52,0,0,21,0,64,3,885,15,585,93,515,12,499,141,0,6,717,182,0,35,0,22,76,0,327,3,4,13,50,0,4,44,0,73,1249,0,0,0,0,14,49,351,0,2,114,13,11,2,260,68,6,15,3,0,6,682,157,6,0,47,17,0,0,59,16,6,0,0,30,0,0,0,0,0,8,2,0,18,0,0,14,0,46,0,0,0,0,0,33,0,4414,8,2,24,4,17,0,0,31,845,11,317,0,0,0,63,6,0,118,10,0,13,17,0,801,13,16,0,7,112,5,0,59,864,10,0,0,0,0,0
"CNTRLA6",5,0,9,82,142,7,5,0,179,0,4,0,0,471,0,46,31,14,0,870,0,2309,0,0,34,0,0,26,0,104,0,749,66,1071,64,1189,0,803,845,0,16,354,43,4,64,0,9,0,0,278,105,0,17,12,0,0,3,6,292,1605,0,0,0,0,0,37,1050,5,4,394,14,0,0,0,46,4,0,0,0,28,18,22,17,0,98,12,0,0,75,0,0,0,0,7,0,0,0,0,0,0,10,0,78,0,0,0,0,14,0,0,0,113,0,35,0,353,0,0,18,22,0,0,0,11,1240,4,2297,0,0,0,2,52,0,0,0,2,75,36,0,239,41,0,0,17,137,6,0,78,1321,0,0,0,0,0,0
"CNTRLA7",0,0,0,13,14,1,94,0,184,0,0,0,3,11,0,8,2,424,62,125,0,396,0,0,14,2,0,31,0,3,0,2,1,5,48,135,0,3,70,0,0,87,0,0,3,0,0,37,0,30,3,1,4,0,0,1,2,0,52,1721,6,0,0,0,0,8,376,0,1,50,0,0,0,0,5,1,0,2,0,0,1,8,2,0,8,4,0,0,0,0,0,0,0,2,0,0,0,0,0,10,1,2,42,0,0,47,0,2,13,5,0,0,0,0,0,14281,1,0,28,4,1,0,0,1,981,1,67,0,0,0,0,10,0,1,0,0,4,0,0,47,13,0,0,1,0,1,0,3,365,0,0,0,0,0,0
"CNTRLA8",20,0,0,4,3,323,131,0,5,0,1,4,9,39,4,57,1,609,151,40,5,102,0,0,6,34,1,25,0,5,0,29,7,16,52,184,8,13,21,0,0,78,0,0,10,11,13,459,0,37,1,0,23,4,0,1,11,2,66,672,0,0,3,0,0,3,98,0,1,96,15,0,0,0,5,4,2,0,1,1,14,0,2,1,4,5,0,25,0,0,0,25,0,8,0,0,0,0,0,31,7,15,180,0,4,20,0,2,3,4,4,0,0,9,0,12849,1,0,5,8,0,0,0,3,182,1,118,9,0,6,0,2,0,6,0,0,59,2,0,14,2,1933,4,1,50,1,0,6,489,10,0,0,7,0,0
"CNTRLA9",233,14,25,3,6,17,0,0,35,56,10,0,6,28,99,502,6,48,14,214,7,502,0,0,55,0,0,55,0,277,8,2032,86,81,0,627,68,267,203,0,4,896,201,5,64,35,0,229,0,232,3,15,45,41,0,64,140,33,376,1284,21,0,16,0,0,0,413,0,2,205,11,16,2,264,11,3,46,0,0,0,13,4,3,0,24,10,0,20,802,6,0,122,0,0,0,0,0,0,0,7,183,7,1071,3,8,6,0,8,0,0,7,0,0,0,0,1371,7,2,7,31,4,6,0,6,432,0,2966,10,2,0,80,13,0,44,8,2,152,19,0,1,51,0,0,0,0,0,0,74,2057,9,0,0,0,15,0
"CNTRLP1",16,0,0,25,6,52,242,0,4,0,113,134,24,95,0,82,23,1151,17,852,0,626,0,0,0,11,0,11,0,0,3,237,171,251,425,1134,0,145,377,0,0,452,194,0,28,0,0,0,0,384,15,12,235,0,0,0,37,16,732,5006,0,0,0,0,0,8,1079,4,7,562,12,0,38,32,62,3,0,0,0,17,7,27,18,4,20,18,0,0,0,3,0,0,0,0,0,0,0,0,0,24,0,11,153,0,0,23,0,36,0,0,0,0,0,206,68,0,0,0,18,12,0,0,0,20,527,6,1170,10,2,0,8,195,0,0,9,0,44,19,0,337,14,0,176,9,0,0,0,9,1576,0,0,0,0,0,0
"CNTRLP2",18,0,13,15,3,135,323,0,16,0,4,37,20,71,0,32,11,1698,36,145,19,110,0,0,21,14,0,8,0,0,0,682,56,429,120,341,0,170,65,0,0,199,81,3,25,0,8,0,0,149,9,48,41,0,3,0,1068,25,911,4335,24,0,0,0,0,0,1565,0,0,905,57,0,13,69,13,107,0,0,151,0,117,3,4,2,22,5,0,0,0,5,0,0,0,0,0,0,0,24,0,13,0,17,277,0,0,26,0,3,0,0,0,293,0,965,0,219,8,13,8,5,5,0,0,6,251,4,860,0,2,0,27,55,0,0,0,0,48,5,0,308,21,0,0,3,0,0,0,134,1761,0,0,0,0,0,0
"CNTRLP3",7,0,0,63,0,56,20,0,129,0,0,0,10,43,0,19,6,379,20,3594,7,685,0,0,23,0,0,12,0,367,10,459,24,855,10,746,0,120,263,0,0,213,115,8,8,8,0,403,0,207,7,6,35,3,0,6,105,21,237,677,0,0,0,0,0,9,79,7,24,1409,0,15,0,23,4,0,15,0,4,5,23,0,4,0,19,12,0,0,40,0,9,0,0,0,0,0,0,0,0,0,67,0,121,0,0,35,17,0,0,0,0,577,0,0,0,1696,0,0,41,17,31,0,0,12,2343,0,1522,0,5,0,10,26,0,0,0,0,13,7,0,32,0,57,0,4,183,0,0,127,1332,0,0,26,0,0,0
"CNTRLP4",16,0,0,0,0,356,81,0,60,0,7,0,0,41,0,205,0,460,109,63,86,108,0,0,55,5,0,30,0,55,14,606,9,35,12,209,79,94,25,0,0,83,475,6,3,48,0,698,0,46,3,18,11,7,0,4,1557,5,119,1078,0,0,29,0,0,0,177,0,2,2384,0,17,3,8,12,6,11,3,69,3,0,4,0,0,73,5,0,0,356,0,0,0,0,0,0,0,0,0,0,7,0,4,1691,3,0,55,0,0,0,0,0,0,0,90,0,294,0,343,30,57,0,7,0,24,508,0,307,886,0,0,5,11,0,0,0,2,295,145,0,51,0,0,37,7,115,5,10,6,4300,486,0,0,0,0,0
"CNTRLP5",0,85,0,76,0,41,63,0,0,90,6,0,80,103,5,44,9,2810,84,870,9,648,0,0,24,0,0,60,0,5,0,12,17,168,534,3145,58,18,19,0,4,637,0,0,0,2,0,829,0,106,40,0,73,0,0,0,21,3,104,1075,0,0,12,0,0,24,360,0,19,0,164,0,0,0,16,3,3,3,0,0,87,2,2,16,85,0,0,0,0,3,0,0,0,5,0,0,0,0,0,31,0,3,162,0,0,18,0,10,19,0,0,78,0,177,0,152,0,0,146,0,0,0,0,2,2308,14,1181,0,0,0,0,0,0,8,0,0,14,7,0,1651,13,0,0,3,0,0,0,12,1012,0,0,185,0,0,0
"CNTRLP6",23,0,0,11,10,2832,86,0,29,0,49,19,19,166,5,77,39,788,90,327,0,995,0,0,19,62,0,140,0,226,6,362,80,136,87,702,0,344,317,0,0,493,78,3,62,0,0,130,34,383,12,0,10,96,0,0,157,7,667,843,0,0,25,0,0,0,285,4,11,120,12,0,8,216,30,3,6,11,5,0,10,12,6,4,3,18,0,0,460,12,0,4,0,59,0,0,0,0,0,0,1188,4,130,0,0,123,0,21,0,0,0,0,0,30,0,639,17,0,64,9,5,0,0,14,2380,0,666,0,0,0,72,62,0,7,8,0,33,8,0,49,0,0,16,3,120,0,0,11,1893,0,0,0,0,0,0
"CNTRLP7",3,0,10,60,3,17,27,0,70,44,56,12,5,88,11,114,10,416,0,50,3,162,0,0,11,3,0,79,0,397,4,232,40,646,37,395,15,128,32,0,0,115,73,2,15,26,0,40,0,165,0,5,27,37,0,0,35,4,311,726,0,0,3,0,0,0,323,12,0,4575,0,8,8,678,11,6,0,0,2,3,3,9,4,0,13,0,0,0,463,23,11,0,35,17,0,0,0,0,0,0,0,0,1401,0,4,9,0,3,0,0,22,0,81,281,56,326,11,2,9,48,7,0,0,17,262,0,3274,370,0,0,177,13,0,35,11,0,169,6,0,71,4,0,24,0,0,10,0,7,1910,0,0,6,0,3,0
"HIV10",0,0,31,46,14,41,0,0,1250,0,0,0,0,16,0,369,0,14,0,1720,0,451,0,0,36,0,0,0,0,16,9,14,24,0,394,106,34,9,74,0,0,289,136,0,10,4,0,0,24,598,5,0,27,500,0,0,33,0,8689,36,0,349,0,0,0,0,36,0,17,11,0,0,0,0,17,0,0,0,0,0,21,7,29,0,0,0,0,0,726,4,0,0,61,138,0,126,0,0,0,0,113,0,202,0,0,11,0,0,0,0,0,329,0,27,0,754,8,0,13,8,0,0,0,5,21,0,60,0,0,0,0,73,0,0,0,0,15,0,0,40,0,66,79,0,0,0,0,0,1590,0,0,0,0,0,0
"HIV12",0,0,42,94,3,9,0,0,6,0,0,0,0,0,7,0,14,3627,0,6,0,96,0,0,0,0,0,0,0,0,8,19,0,47,919,1106,0,8,4,0,0,13,48,77,0,0,0,0,0,56,0,96,11,0,147,0,1770,0,6,36,0,0,0,0,0,12,8,0,0,7,73,0,2,13,137,0,41,1089,15,0,24,0,200,0,0,0,0,26,0,4,0,0,0,0,0,0,0,0,0,0,6,0,8,22,6,7,0,3,0,21,0,0,0,0,0,410,0,6,6,0,10,0,0,13,25,126,108,0,204,0,9,0,0,0,0,0,0,0,7,215,0,0,0,16,0,0,0,3,7726,0,0,1102,0,0,0
"HIV13",7,0,0,124,4,0,6,0,1080,0,0,0,0,24,0,0,0,49,0,1368,0,2084,0,0,0,0,0,0,0,33,5,37,4,6,1709,469,0,8,80,10,0,46,63,0,9,0,0,0,0,2191,5,0,20,29,0,0,33,0,5103,99,0,0,0,116,0,9,91,0,10,35,0,0,0,13,74,5,16,13,0,6,12,6,17,0,7,8,0,0,37,0,10,0,0,15,0,0,0,0,0,0,10,0,124,0,0,10,0,5,0,0,0,0,0,0,0,898,7,6,44,0,0,0,0,41,672,14,173,0,0,0,3,19,0,0,0,0,6,0,0,59,0,27,72,0,0,0,0,0,2571,0,0,21,0,0,0
"HIV16",0,0,0,4,0,0,0,0,0,0,0,0,0,71,16,0,0,902,0,0,0,608,0,0,0,0,0,0,0,0,3232,115,6,78,67,967,0,57,0,0,30,62,0,149,0,0,0,0,0,7,0,157,55,0,16,0,1537,0,0,27,0,0,469,0,0,0,1580,0,0,0,42,0,1913,0,15,0,0,527,1319,0,1145,3,0,25,52,0,0,0,0,0,0,0,0,0,0,0,0,0,0,0,0,0,23,9,0,8,0,0,0,0,0,0,0,0,0,262,0,10,6,6,0,0,0,0,570,15,907,0,148,0,0,0,0,0,0,0,0,11,0,937,0,0,0,0,0,0,0,0,1776,0,0,0,0,0,0
"HIV17",4,0,7,1,0,1,10,1,17,30,1,1,12,7,0,10,0,120,3,1,0,116,0,0,30,0,0,14,172,113,1,14,2,32,3,232,7,3,14,0,0,341,0,0,1,0,15,224,3,40,0,0,1,5,0,0,38,0,30,2793,0,0,6,0,0,1,48,0,0,29,2,0,0,0,3,0,4,0,0,0,120,0,0,0,2,1,0,0,0,0,0,0,0,9,0,0,0,0,0,0,4,3,469,0,0,0,0,7,0,251,0,19,17,50,0,13878,1,0,1,7,1,0,0,2,114,0,34,6,0,0,0,1,57,13,0,0,3,5,0,4,0,0,5,0,0,1,0,1,327,2,0,0,0,0,0
"HIV18",45,0,0,166,0,0,184,0,29,0,0,0,10,9,0,18,6,537,292,29,7,225,0,0,0,0,0,84,0,280,43,1406,73,86,0,378,1025,16,231,0,0,127,0,8,22,0,114,172,0,101,5,52,90,76,6,0,2932,0,178,284,0,0,85,0,0,0,335,0,0,132,17,0,3,0,12,0,18,0,82,30,41,4,0,0,25,37,0,0,0,0,0,0,0,37,0,0,0,0,0,0,167,26,4891,0,12,14,0,0,0,0,0,0,0,14,0,2318,0,11,0,60,0,71,0,4,64,0,156,140,3,0,0,12,0,47,0,0,69,0,8,28,14,0,0,0,192,0,0,0,1435,0,0,0,0,0,0
"HIV19",8,0,0,8,0,8,189,0,0,189,0,0,0,8,8,0,9,2923,29,1253,13,82,0,0,26,49,0,16,0,0,4303,10,14,10,9,231,0,0,224,0,12,20,233,52,8,0,0,0,0,11,11,84,2845,0,9,0,1204,0,124,353,0,174,13,0,0,0,68,0,10,0,0,0,2,0,17,0,0,37,74,0,217,572,3,0,6,0,0,0,0,0,0,0,0,0,0,0,0,0,0,22,28,0,118,0,0,156,0,0,0,0,0,0,0,674,0,600,0,49,0,0,0,0,0,0,45,0,119,0,87,0,0,0,0,0,0,0,39,0,0,46,7,0,0,0,0,0,0,3,1827,0,0,379,0,0,0
"HIV20",0,0,5,12,6,4,19,0,81,0,2,0,0,2,0,5,3,306,13,246,0,230,0,0,0,2,0,5,0,375,7,2,17,163,1,109,5,17,93,0,2,31,49,0,112,0,11,28,0,337,5,4,8,64,0,0,6,1,42,628,0,0,0,0,0,0,338,0,2,3,0,13,2,0,5,3,5,2,0,0,98,1070,2,1,4,0,0,0,3,0,0,0,0,0,0,0,0,0,1,9,87,0,36,0,0,72,0,1,6,0,0,76,0,6,0,13852,5,0,2,4,0,0,0,4,231,2,133,0,1,0,0,61,0,0,2,0,12,5,0,4,11,73,0,2,0,0,0,205,446,0,0,5,0,0,0
"HIV21",0,0,0,76,0,0,8,0,0,110,0,0,0,12,0,0,42,1211,0,2196,111,1310,0,0,0,0,0,0,0,0,0,4,25,9,41,382,0,219,106,0,0,6,0,0,0,0,34,0,0,0,461,7,1429,0,0,0,71,0,0,0,0,0,12,0,0,10,7,0,0,0,43,0,0,0,0,0,0,7,7,0,135,16,0,4,0,0,0,511,0,0,0,0,0,0,0,0,0,0,0,0,7,0,13,0,0,433,0,0,0,0,0,0,0,0,0,568,9,0,0,0,0,0,0,62,23,17,24,0,0,0,0,0,0,8,0,0,0,0,0,8930,0,0,0,18,0,0,0,0,341,0,0,915,0,0,0
"HIV22",18,15,7,16,0,0,14,0,223,0,3,0,0,5,0,12,6,1101,0,76,10,313,0,0,10,5,0,11,0,711,26,648,28,2,3,170,0,7,85,6,0,166,0,4,61,0,15,0,0,61,3,54,123,32,0,0,1844,5,0,6410,0,0,0,0,0,0,356,0,2,8,11,0,3,0,17,66,11,0,28,0,5,48,0,19,3,0,0,0,0,0,6,0,13,9,0,0,0,0,0,0,167,0,76,5,0,28,0,0,0,0,12,0,0,233,0,4159,0,32,7,0,4,0,0,0,444,8,63,0,13,0,0,51,0,9,0,0,0,4,0,99,5,134,0,3,0,0,0,0,659,0,0,0,0,732,0
"HIV23",0,0,21,13,0,0,163,0,21,0,0,0,0,0,0,0,0,235,5,13,0,787,0,0,0,0,0,0,0,0,5,7,0,0,633,62,0,0,10,13,30,5,0,0,5,0,0,19,0,9,5,6,14570,0,0,0,55,0,0,372,0,0,0,0,0,0,93,0,0,0,0,0,3,0,0,0,0,0,0,0,570,4,0,7,0,0,0,0,0,3,0,0,0,0,0,0,0,0,0,0,0,0,11,0,0,641,0,0,0,0,0,0,0,0,0,658,0,0,0,7,8,0,0,7,12,0,120,0,0,0,3,0,0,0,0,0,0,0,0,106,0,0,0,0,0,0,0,4,662,0,0,0,0,0,0
"HIV25",0,48,52,0,0,25,0,0,0,0,0,0,0,0,11,0,0,353,0,25,9,21,0,0,0,0,0,26,145,18,17,19,7,0,6,102,0,0,0,13,0,0,0,0,20,0,0,0,0,0,665,12,1180,16,0,0,2008,0,19,1191,0,0,0,0,0,0,706,0,6,0,0,0,0,4,5,0,0,0,30,0,4207,0,0,6,5,0,0,0,0,0,0,0,0,11,0,0,0,0,0,0,16,0,81,0,0,117,0,0,0,37,0,0,0,0,0,938,0,49,0,0,0,0,0,0,0,0,19,0,0,0,0,9,0,0,0,0,7,0,0,1088,19,0,0,0,0,0,0,0,6586,0,0,0,0,7,0
"HIV26",71,0,19,23,0,5,58,0,9,114,5,0,0,0,13,0,4,2329,4,43,36,169,13,0,28,5,0,49,0,7,26,45,11,2,0,581,13,0,76,7,4,8,0,0,15,23,137,311,0,36,39,10,3429,42,0,0,1895,13,80,2175,0,144,7,0,0,0,93,0,0,24,0,0,3,0,22,0,5,0,63,0,78,6,0,3,3,0,0,0,0,0,0,0,0,28,21,0,0,0,0,18,23,0,1351,0,5,65,137,0,0,38,0,104,0,10,0,4695,0,8,5,31,0,0,0,29,28,4,131,12,0,0,0,24,0,13,0,0,65,0,0,100,0,50,0,3,0,5,0,0,550,0,0,0,0,0,0
"HIV27",14,0,16,7,1,0,69,0,0,0,2,0,28,265,3,0,2,2620,252,1,13,470,0,0,156,16,0,12,0,0,544,29,21,6,2,1482,7,3,51,0,0,255,0,85,14,0,0,47,0,238,11,124,75,23,0,0,268,10,28,2030,0,0,15,0,0,3,247,0,0,2,0,0,1640,0,38,26,0,0,89,6,0,1,6,2,10,12,0,0,2,0,0,0,0,0,0,0,0,0,1,30,0,7,183,2,3,322,0,14,15,0,0,0,0,0,0,4757,0,2,9,28,0,0,0,2,928,6,308,0,9,0,0,23,0,0,0,0,28,0,0,75,14,0,0,0,75,0,0,0,1691,0,0,7,0,0,0
"HIV28",8,0,8840,15,0,0,26,0,0,2059,1,0,0,5,6,27,6,123,5,1,0,22,0,0,6,6,0,1,0,0,3245,19,9,2,2,266,4,3,48,2,0,8,87,1,7,2,0,20,0,16,24,43,30,4,1,0,15,3,95,37,0,362,2,0,0,0,7,0,1,61,0,0,68,0,7,0,3,2,2,2,1,0,1,0,1,2,0,0,51,0,0,0,18,0,0,0,0,0,0,8,1,1,286,0,1,32,0,1,0,0,9,1586,92,0,424,368,0,2,0,7,0,0,0,1,2,0,65,3,0,0,0,0,0,0,0,0,34,0,6,16,0,0,0,0,0,0,0,2,551,0,0,2,0,0,0
"HIV29",73,0,25,10,18,1765,395,0,130,155,0,7,0,10,6,23,86,788,220,268,10,128,0,0,11,49,0,9,0,0,429,19,40,89,8,167,0,444,116,9,4,105,0,131,25,6,33,256,0,32,5,3660,1752,2,18,0,1753,0,372,607,0,0,4,0,135,0,78,5,0,150,0,0,6,3,9,0,4,19,91,75,59,3,2,2,5,0,0,0,418,0,0,0,16,6,0,0,0,0,0,58,104,0,615,0,0,86,0,0,0,167,0,246,0,30,0,1228,0,13,0,10,13,0,0,5,23,0,410,0,136,0,6,8,0,0,0,0,63,0,0,65,10,16,0,0,252,0,0,26,1012,0,0,0,0,0,0
"HIV3",4,0,22,115,14,7,0,0,568,0,3,6,13,85,0,30,18,28,0,89,0,869,0,0,59,0,0,6,0,1549,5,26,16,211,5,543,0,197,595,0,0,256,0,4,170,3,0,140,0,367,5,4,442,147,0,4,22,0,255,20,0,0,6,0,0,26,10,4,10,110,0,0,0,3,36,35,28,0,0,102,11,8,4,12,93,0,0,0,5508,0,0,0,0,156,0,0,0,0,0,7,146,4,81,0,0,0,0,8,0,0,99,0,48,9,0,194,5,0,14,19,2075,0,0,9,297,4,695,11,0,7,0,54,0,83,0,0,29,12,156,102,0,26,0,16,0,0,0,3,2521,45,0,0,0,2,0
"HIV30",5,7,11920,0,0,13,3,0,8,0,0,0,15,253,0,0,2,742,0,193,0,158,0,0,4,0,0,0,0,0,16,1,5,5,6,316,5,99,18,2168,4,31,0,10,0,0,0,46,0,65,20,7,38,0,1,0,264,1,115,840,0,59,9,0,0,0,41,0,4,0,0,0,1,0,19,6,0,0,3,0,7,0,1,0,7,0,0,0,0,0,0,0,0,0,0,0,0,0,0,0,0,2,20,0,0,3,0,5,0,0,0,0,0,0,0,0,0,3,8,3,2,0,6,0,353,0,110,0,2,0,0,0,0,0,0,0,0,4,0,5,8,7,8,3,0,0,0,0,539,0,0,0,0,0,0
"HIV31",7,0,13,16,0,4809,88,0,10,60,0,0,0,85,6,0,13,3311,0,1,72,69,0,0,43,35,0,0,0,0,5,5,29,7,4,1416,43,0,2,0,110,671,0,18,0,0,8,28,0,6,70,9,4,0,0,0,1640,0,132,32,0,394,43,0,15,0,16,0,0,41,0,0,2,2,68,0,0,0,8,0,3,0,0,0,0,0,0,0,8,0,0,0,0,0,0,0,0,0,0,0,0,0,89,0,0,265,65,0,316,0,0,183,0,1053,0,1039,0,80,0,25,0,0,0,5,1597,0,148,0,12,0,0,2,0,6,0,0,25,4,0,50,0,0,0,3,0,0,0,6,1515,0,0,17,3,0,0
"HIV32",10,0,27,96,0,9,0,0,6,92,0,0,0,0,0,0,72,21,0,17,0,164,0,0,4299,0,0,0,0,0,34,9,30,205,9,2715,0,3082,0,16,28,11,54,9,0,0,0,0,21,9,157,100,1605,0,11,0,2951,0,25,49,0,0,0,0,0,16,144,0,0,10,82,0,0,116,17,0,0,0,112,0,571,8,14,0,4,0,0,34,0,16,9,0,0,0,0,0,0,0,0,0,13,6,16,0,0,10,0,0,0,54,0,0,75,0,0,304,0,27,15,7,17,0,46,0,75,10,51,0,4,0,50,3,0,18,9,0,0,13,8,1406,0,25,0,102,0,0,0,0,476,0,0,0,0,0,0
"HIV33",0,32,140,10,0,6,46,0,12,0,0,0,0,13,0,0,0,1221,7,278,0,283,0,0,75,0,0,0,0,363,36,29,7,7,6,119,24,12,143,22,9,178,0,12,11,0,17,0,0,134,0,50,133,23,0,0,3517,0,26,546,0,0,14,0,0,0,61,0,0,24,25,0,0,97,5,0,9,0,46,0,66,5,0,0,22,0,0,0,6,11,0,0,0,0,0,0,0,0,0,0,0,0,30,18,0,32,0,0,29,0,0,374,104,33,0,420,0,20,52,10,16,0,0,0,1462,0,110,0,0,0,35,38,0,0,0,0,0,10,39,8925,0,56,51,0,0,0,0,0,170,0,0,17,0,0,0
"HIV34",4,93,40,2,0,3,59,0,2,0,1,0,0,4,128,66,0,486,3,7,6,29,0,0,0,3,0,1,0,3,4441,12,18,1,8,253,9,86,35,3,3,57,0,25,2,1,69,26,0,8,14,7938,397,6,5,0,110,0,183,248,0,139,6,31,0,0,19,0,2,28,203,0,2,19,7,5,29,52,60,2,6,0,0,1,1,0,0,0,106,2,0,0,0,0,5,0,0,0,0,79,0,0,342,34,8,181,5,0,0,0,0,0,0,12,0,444,0,6,2,10,1493,0,4,0,30,5,139,18,20,0,5,2,0,0,0,0,5,6,2,28,0,0,0,0,0,0,0,5,1371,0,0,5,0,0,0
"HIV35",0,84,24,2,0,2,3,0,0,0,0,0,0,0,0,0,0,1961,0,236,4,76,0,0,0,0,0,0,40,0,10936,0,0,14,4,126,0,17,0,0,0,29,132,159,0,0,7,0,0,202,0,862,184,0,4,0,318,0,4,190,0,0,0,0,0,0,4,0,0,0,0,0,0,10,4,0,0,29,107,0,956,10,0,2,0,0,0,0,0,0,0,0,0,0,0,0,0,0,0,0,0,0,0,18,0,395,0,0,0,0,0,84,0,46,0,171,0,36,4,0,10,0,0,0,791,0,15,0,34,0,3,0,0,0,0,0,0,0,354,15,0,14,0,0,0,0,0,0,935,0,0,0,0,224,0
"HIV36",0,0,16,74,0,15,7,46,0,123,0,0,0,12,0,0,0,4935,0,624,27,149,0,0,21,0,0,0,0,0,22,5,0,42,17,569,0,26,62,0,8,58,0,24,0,0,0,0,0,40,55,49,3269,30,0,0,4018,0,10,165,0,0,0,0,0,0,0,0,0,0,0,0,9,17,14,0,0,0,303,0,42,108,0,16,43,0,0,0,0,0,0,0,0,0,0,0,0,145,0,0,0,0,14,0,0,0,0,0,0,0,0,559,0,0,0,0,0,13,10,0,9,0,0,0,722,8,26,0,5,0,9,0,0,8,12,0,0,0,0,2861,0,34,0,15,0,0,0,0,391,0,0,62,0,15,0
"HIV37",15,87,26,0,0,0,2868,0,4,0,0,0,0,31,7,0,0,6582,0,41,313,334,0,0,44,0,0,0,0,10,16,4,60,19,32,1050,13,6,3,0,18,79,83,23,0,0,0,0,15,44,129,10,2960,2,0,0,30,6,16,47,0,0,14,0,0,0,199,0,44,0,0,0,2,49,36,23,0,52,4,0,15,19,7,10,10,0,0,0,0,4,0,0,0,0,0,0,0,0,0,0,0,4,36,0,0,615,0,6,0,0,0,0,0,257,0,223,5,0,14,5,5,0,0,3,952,0,39,0,6,0,22,0,0,0,6,0,0,0,0,101,18,0,11,0,0,0,0,0,2135,0,0,0,0,3,0
"HIV38",0,0,7,4,0,5,95,0,0,0,3,0,0,0,0,0,0,9216,0,701,0,330,0,0,14,0,0,0,0,5,3,4,22,2,0,559,39,0,16,0,0,141,35,0,0,0,0,0,0,36,17,3,5,0,0,0,18,0,16,1610,0,69,40,0,0,0,44,0,2,0,0,0,0,31,13,0,0,0,0,0,6,0,0,4,0,4,0,0,0,5,0,0,0,0,0,0,0,0,0,0,0,0,6,0,0,228,318,0,63,0,0,0,0,0,0,4202,4,2,4,4,4,0,0,0,40,4,208,0,0,0,8,33,0,0,5,0,3,0,0,72,5,0,190,0,0,0,0,0,1439,0,0,12,0,6,0
"HIV39",0,0,0,17,0,16,22,0,0,0,12,0,0,0,0,0,14,3898,0,8,0,147,44,0,73,0,0,0,0,0,54,0,137,62,0,640,0,20,13,0,0,0,150,20,0,0,0,68,92,0,0,159,62,0,15,0,11407,0,0,0,0,0,37,0,0,0,97,0,0,0,0,0,0,26,79,0,0,0,79,0,0,46,0,7,0,0,0,0,7,0,0,0,0,0,0,0,0,0,0,0,0,0,0,17,0,21,0,0,0,0,0,0,149,37,0,588,0,43,0,0,0,0,0,0,93,14,37,0,24,0,7,0,0,0,0,0,0,16,0,84,0,0,0,0,0,0,0,9,1028,0,0,296,0,0,0
"HIV4",0,0,39,123,22,13,7,0,1095,0,0,0,0,107,7,0,19,34,0,180,5,1305,0,0,31,0,0,0,0,2845,19,17,12,192,7,960,14,268,985,0,0,354,42,0,232,0,0,0,0,474,44,10,325,162,0,4,30,4,154,0,0,0,0,0,0,0,5,0,9,89,15,0,0,4,52,21,71,4,0,7,12,8,7,15,5,13,0,0,2978,4,0,0,0,158,0,0,0,0,0,0,228,0,29,0,0,7,0,0,0,0,21,91,0,0,0,194,9,0,15,5,13,0,0,16,354,0,312,0,0,0,0,29,0,132,8,0,13,6,713,107,0,17,0,8,141,0,0,3,3561,34,0,0,0,0,0
"HIV5",5,0,9,9,81,11688,20,0,4,0,3,0,0,28,7,13,4,33,0,29,0,636,0,0,0,0,0,2,0,7,0,405,56,6,48,283,21,13,13,0,4,173,0,0,9,0,0,14,0,82,68,49,9,3,0,0,19,6,82,251,0,0,5,130,27,0,238,0,0,22,0,0,0,0,27,6,0,0,0,4,123,4,0,2,66,5,0,24,3,2,0,0,0,0,0,0,0,0,0,0,3,0,358,0,5,7,0,9,0,0,0,0,0,0,0,313,0,2,29,25,0,0,0,7,879,12,120,0,0,0,0,21,0,0,0,0,38,0,0,2318,0,18,0,0,0,0,0,3,932,0,0,0,0,4,0
"HIV6",0,0,68,57,8,40,5,0,6,0,5,0,10,231,0,0,10,35,0,1674,0,1786,0,0,23,0,0,8,0,408,0,14,27,368,12,1105,0,615,970,0,0,1158,0,6,3,0,0,0,0,902,55,5,6,143,0,0,53,5,182,405,0,0,0,177,0,96,610,0,20,33,78,0,0,23,68,0,0,0,0,17,712,0,20,0,0,7,0,0,0,0,0,0,0,14,0,0,0,0,0,0,273,0,46,0,0,9,0,11,0,29,0,263,0,0,0,288,0,5,45,0,11,0,0,11,1686,6,673,0,0,0,12,0,0,6,8,0,0,0,0,782,47,0,15,7,0,0,0,40,3333,0,0,0,0,0,0
"HIV8",0,0,27,86,6,15,0,0,1277,0,0,0,9,25,0,0,20,23,0,64,0,3039,0,2,0,0,0,13,0,59,13,15,28,110,9,1538,0,19,428,0,0,136,0,0,77,0,0,0,0,1527,7,0,74,156,0,5,21,0,148,62,0,0,5,0,0,13,140,0,9,11,38,0,0,2,161,10,0,5,0,0,25,5,35,0,3,37,0,0,4,2,0,0,0,22,0,0,0,0,0,0,55,7,0,0,0,8,0,0,0,23,128,0,0,0,0,235,14,0,20,0,6,0,0,144,226,58,1623,0,0,0,0,84,0,135,0,0,0,0,18,2730,0,0,0,11,0,0,0,7,4190,0,0,0,0,3,0
"SRR1159399",25,2,1,0,0,33,272,0,0,374,0,0,19,51,0,48,0,1505,11,178,29,623,0,0,0,53,0,0,2733,0,0,208,15,91,54,401,32,178,21,0,0,24,85,16,0,0,0,546,0,100,0,10,0,0,5,0,3305,0,376,638,0,355,0,0,0,0,145,0,0,0,0,0,0,0,0,2,0,0,0,0,0,0,0,0,2,0,0,0,0,0,0,0,370,56,0,567,0,0,0,42,0,0,613,7,27,157,0,7,51,0,0,234,9,0,1059,441,0,0,0,0,0,0,2,0,449,0,765,0,0,0,0,0,0,0,0,0,165,27,0,0,0,0,0,0,560,0,0,38,1724,0,17,8,0,0,0
"SRR1159402",0,0,70,0,0,0,419,0,77,67,0,0,0,0,0,0,0,854,355,0,0,471,0,0,0,51,0,0,389,558,0,0,0,0,0,639,228,0,292,0,0,0,0,0,0,0,79,479,4,322,0,0,58,31,0,0,0,0,86,1814,0,0,35,1401,0,0,161,0,0,0,0,12,0,0,0,0,0,0,0,0,0,0,0,0,0,0,0,884,0,0,0,163,0,27,0,0,0,0,0,8,0,0,617,0,0,13,93,0,0,0,0,339,0,0,568,3981,0,0,0,0,0,0,69,0,1065,0,980,0,0,0,0,0,0,0,2,0,17,0,29,0,0,13,242,0,0,0,0,0,1425,0,123,0,0,0,0
"SRR1159405",0,0,74,0,0,0,5,0,369,0,0,0,12,99,0,0,0,393,161,0,0,651,0,0,0,0,0,0,17,412,0,31,0,16,0,1461,0,0,56,0,0,86,0,0,0,0,71,381,0,280,0,0,8,0,0,0,0,0,17,1288,0,0,0,13,0,0,1018,0,0,0,0,305,0,0,0,107,0,0,0,0,0,0,0,0,0,6,0,0,0,0,0,241,0,105,0,0,0,0,0,4,0,0,98,0,0,0,83,5,0,0,0,12,0,155,12,8374,0,0,0,0,0,0,32,0,1183,0,344,0,0,0,0,0,0,0,0,0,24,0,0,772,9,0,35,0,0,0,0,0,1013,0,0,0,0,0,0
"SRR1159408",0,0,37,0,0,0,3,0,0,7,0,0,93,556,0,0,0,212,7,33,35,1371,0,0,0,29,0,0,18,0,0,0,0,1728,258,973,4,0,0,0,0,1424,254,0,0,0,0,0,0,1169,0,0,0,0,0,0,48,0,11,4118,4,49,0,99,0,0,193,0,0,0,0,12,0,0,33,0,41,0,0,0,0,0,0,0,0,0,2429,0,0,0,0,0,0,0,0,0,0,0,0,0,0,4,0,0,0,26,25,14,0,0,5,227,53,5,23,482,0,0,0,0,0,0,9,0,2036,0,436,0,0,0,0,0,0,0,0,0,0,2,0,0,0,0,110,0,0,0,0,0,794,0,0,0,0,0,142
"SRR1159411",5,773,9,0,0,47,95,60,0,105,3,0,21,176,0,0,3,2321,104,2095,0,1307,0,0,0,0,0,0,561,0,0,0,0,17,0,731,44,0,514,0,0,521,31,0,0,0,47,19,0,294,0,0,0,23,0,0,47,0,64,992,0,322,35,133,0,0,566,0,0,0,0,43,0,0,38,0,0,0,0,0,0,0,0,0,29,5,0,0,0,0,0,3374,0,16,0,0,0,0,0,0,0,0,226,0,1,211,250,2,0,0,86,237,0,366,24,162,0,0,0,0,0,0,15,0,846,0,911,0,0,3,0,0,60,0,0,0,58,11,0,42,11,0,18,0,0,0,0,0,825,0,12,4,0,0,0
"SRR1159414",0,200,2,25,0,31,31,0,0,2242,0,0,0,12,0,0,0,1267,4,168,0,49,23,0,0,0,0,0,963,0,0,88,0,6,0,163,0,179,24,0,0,19,367,0,0,0,0,294,40,29,0,0,0,0,0,0,141,0,825,683,0,786,4,0,0,0,0,0,0,0,0,0,0,0,0,0,0,0,0,0,0,0,0,0,0,0,25,0,0,2,0,0,65,82,0,402,0,0,0,3,0,0,127,0,0,36,0,0,4,0,191,1224,10,177,3110,1548,0,0,0,0,0,0,16,0,47,0,295,0,0,0,0,0,0,0,0,0,47,0,0,154,5,0,0,0,1019,0,0,7,2421,6,147,81,0,0,0
"SRR1159417",0,0,59,0,0,193,5,0,1828,338,0,0,100,39,0,11,0,25,0,0,0,783,0,0,0,5,0,0,68,452,0,0,0,0,0,2434,0,201,0,0,0,22,140,0,0,0,0,67,154,56,0,0,0,0,0,0,82,0,54,444,0,79,13,18,5,5,0,0,0,0,0,0,0,0,0,0,0,0,0,0,0,4,0,0,0,0,31,0,0,3,0,0,0,0,0,0,0,0,0,5,0,0,621,0,0,5,0,3,0,8,0,982,0,1299,231,4534,0,0,0,0,196,0,128,0,972,0,278,0,0,0,0,0,0,0,1,0,5,0,0,26,0,624,14,0,46,0,0,0,1392,68,0,0,0,0,0
"SRR1159420",0,0,6,0,0,618,445,0,212,539,0,7,35,108,0,211,0,1997,85,14,24,602,0,0,0,56,0,0,729,0,0,198,0,17,0,829,66,0,0,0,0,259,18,4,0,0,33,779,0,838,0,0,0,0,0,0,257,0,238,1468,0,182,0,24,22,0,27,0,0,0,0,0,0,0,5,0,0,0,0,0,0,0,0,0,0,0,16,0,0,0,0,0,0,18,0,0,0,0,0,86,0,0,1499,0,0,261,0,7,0,0,0,219,321,5,846,508,0,0,0,0,0,0,98,0,1531,0,546,0,0,0,0,0,0,0,0,0,199,0,30,280,0,0,14,0,0,0,0,0,2262,0,0,0,0,0,0
"SRR1159423",0,0,63,0,0,189,188,0,0,59,0,0,0,0,0,0,0,2667,9,0,77,382,0,0,0,0,0,0,597,0,0,37,0,0,0,1189,15,0,0,0,0,910,27,0,0,0,0,1408,23,0,0,0,0,0,0,0,23,0,86,839,0,207,0,852,13,3,0,0,0,0,0,0,0,0,0,0,0,0,0,0,0,0,0,0,0,0,0,0,0,0,0,0,0,0,0,75,0,0,0,0,0,0,2377,0,0,45,0,0,0,0,0,10,18,0,523,2854,0,0,0,0,2,0,9,0,354,0,361,0,0,0,0,0,0,0,0,0,0,11,0,76,0,0,18,0,385,0,0,0,2805,0,33,48,0,0,0
"SRR1159426",0,0,121,0,0,143,82,0,0,100,0,0,8,46,0,0,3,2617,95,13,24,780,0,0,0,0,0,0,661,6,0,54,0,0,0,1724,0,556,23,0,0,355,0,0,0,0,0,11,65,52,0,0,0,0,0,0,302,0,789,1822,0,25,0,1528,0,0,853,0,0,0,0,0,0,0,0,0,30,0,0,0,0,0,0,0,0,0,21,0,0,0,0,0,4,0,0,0,0,0,0,142,0,0,623,0,0,2,0,2,91,0,0,841,755,196,2055,997,0,0,0,0,1,5,18,0,317,0,102,0,0,0,0,0,0,20,0,0,4,0,0,78,14,0,0,0,0,0,0,0,612,0,95,0,0,0,0
"SRR1159428",0,1,10,16,0,0,3,0,5,346,0,0,1,3,0,0,265,1859,341,0,0,16,0,0,0,0,0,0,146,0,0,6,0,0,0,9,0,4,0,0,0,0,100,8,0,0,1,50,0,0,0,0,0,0,0,0,2134,0,0,15,17,0,0,2007,85,29,0,0,0,0,0,0,0,0,0,0,0,0,0,0,0,0,0,0,0,0,0,5,0,0,0,7,0,0,0,0,168,0,0,2,0,0,9,2,0,0,0,0,0,167,32,92,788,0,371,821,0,0,0,0,1,4,5,0,26,0,10,0,0,5,0,0,8800,0,0,0,0,0,1,0,0,0,0,0,56,0,0,0,148,4,0,0,0,0,0
"SRR1159431",0,317,229,0,0,47,0,0,26,288,0,0,0,0,0,0,0,0,105,18,0,2186,0,0,0,0,0,0,363,64,0,12,0,37,0,292,0,30,0,0,0,0,0,0,0,0,0,1679,0,8,0,0,0,0,0,0,0,0,0,723,0,0,0,0,0,0,179,0,0,0,0,0,0,0,0,9,0,0,0,0,0,0,0,0,0,0,0,0,0,0,0,662,0,0,0,0,0,0,0,0,0,0,276,0,0,0,0,0,0,0,8,0,0,0,0,6830,0,0,0,0,273,0,80,0,2718,0,270,0,0,12,0,0,0,0,7,0,0,0,113,23,0,682,0,0,39,0,0,0,1363,0,0,0,0,0,0
"SRR1159434",0,0,202,11,0,0,0,0,218,300,0,0,8,0,0,0,0,109,10,27,0,545,0,0,0,32,0,0,1883,62,0,788,0,0,0,392,0,0,25,0,0,476,0,0,0,0,0,242,16,33,0,0,0,0,0,0,0,0,625,1135,149,0,0,2699,0,0,0,0,0,0,87,0,0,0,0,19,0,0,0,0,0,0,0,0,0,0,0,124,0,0,0,49,165,12,16,6,0,0,0,0,0,12,511,0,0,0,0,0,0,1380,21,269,10,287,871,2967,0,0,0,0,11,0,2,0,27,0,413,0,0,153,0,0,0,0,0,0,63,0,1,0,0,170,0,0,0,0,0,0,1926,0,169,0,0,0,0
"SRR1159437",4,0,9,0,0,0,221,0,0,187,0,30,4,160,0,0,0,1336,3,0,3,667,0,0,33,0,0,0,10,0,0,0,0,316,112,875,7,78,0,0,23,1034,0,0,0,0,0,273,2,84,0,0,0,0,0,0,157,0,0,3611,0,556,20,0,0,0,0,0,0,0,0,5,0,0,0,0,2,0,0,0,0,0,0,0,0,0,0,0,0,0,0,0,0,0,0,0,0,0,0,26,0,0,48,0,0,0,0,29,38,0,0,1807,834,0,1091,1559,0,0,0,0,0,0,4,0,3324,0,466,0,0,0,0,0,10,0,0,0,0,0,2,548,0,0,0,0,0,0,0,0,310,0,6,42,0,0,0
"SRR1159440",0,0,36,0,0,0,7,0,6,785,0,0,3,7,0,0,10,266,118,0,1,21,0,0,0,0,0,0,888,0,0,7,0,0,0,360,0,45,0,65,0,0,6,0,0,0,0,230,5,36,0,7,0,0,0,0,18,0,18,51,0,0,2,2561,51,91,10,0,0,0,0,6,0,0,0,0,0,0,0,0,0,0,0,0,0,0,10,6,0,0,0,10,13,0,0,861,0,0,0,3,0,0,8,0,0,2,0,0,0,119,39,770,148,0,2552,1525,0,0,0,0,0,12,354,0,23,0,20,28,0,0,0,0,3536,16,0,0,0,0,256,27,0,0,26,0,71,0,0,0,3597,8,0,4,0,0,0
"SRR1159443",0,0,20,9,0,0,0,0,0,389,0,0,0,6,0,0,0,403,734,0,0,16,0,0,0,0,0,0,1115,0,0,0,0,0,0,271,0,23,0,0,0,0,0,0,0,0,0,531,4,0,0,0,0,0,0,0,117,0,400,272,265,689,0,0,55,0,0,0,0,0,0,8,0,0,0,0,0,0,0,0,0,0,0,0,0,0,0,0,0,0,0,0,13,0,0,0,0,0,0,0,0,0,0,0,0,0,0,0,0,149,68,974,23,0,2448,4754,0,0,0,0,0,0,55,0,595,0,14,0,0,0,0,0,0,0,0,0,0,0,0,0,11,0,0,0,34,0,0,0,5327,0,0,0,0,0,0
"SRR1159446",0,0,103,0,0,0,0,0,0,99,0,0,0,3,0,0,0,13,0,0,0,0,0,0,0,0,0,0,308,0,0,0,0,0,0,10,3,0,0,0,0,13,0,38,0,0,0,7,17,0,0,0,0,0,15,0,10191,0,0,0,0,1340,0,11,0,116,0,0,0,0,0,0,0,0,0,0,0,0,0,0,0,156,0,0,0,0,11,0,0,26,8,8,0,5,0,0,0,0,0,0,0,0,0,20,0,0,3,0,0,0,0,1843,0,5,15,106,0,0,0,0,18,0,163,0,11,0,11,0,0,0,0,0,0,0,66,0,0,0,0,3819,0,0,0,0,0,0,0,0,263,0,0,0,0,0,0
"SRR1159449",0,3,3,6,0,0,270,0,0,72,0,0,75,38,4,177,0,3560,63,110,5,619,0,0,0,2,0,0,95,0,0,46,0,0,122,1784,0,23,0,0,0,1025,0,0,0,0,102,0,0,35,0,0,0,0,0,0,0,0,251,2909,0,103,64,12,0,0,0,0,0,0,0,6,0,0,43,3,0,0,0,0,28,5,0,0,0,72,0,0,20,0,0,10,0,0,0,0,0,0,0,134,0,0,109,0,0,106,329,121,3,0,0,78,474,741,331,165,0,0,0,0,0,0,2,0,1617,0,1688,0,0,0,0,0,7,0,0,0,17,0,0,27,0,0,8,0,58,0,0,0,1502,423,73,151,0,0,0
"SRR1159452",17,168,15,0,0,0,213,0,0,182,0,0,4,39,0,0,0,2755,23,0,2,725,0,0,0,19,0,0,990,0,0,18,0,5,38,523,164,403,31,3,0,15,522,0,0,0,0,310,15,110,0,0,0,0,0,0,7,0,115,1186,0,650,17,0,0,0,730,0,0,0,0,0,0,0,0,0,0,0,0,0,2,0,0,0,4,0,3576,0,0,0,0,0,3,15,0,241,0,0,0,33,0,0,6,0,0,200,0,5,0,146,6,661,190,0,819,633,0,0,0,0,0,60,1,0,516,0,660,0,0,0,0,0,10,0,0,0,0,0,0,691,7,0,34,0,371,0,0,4,988,0,0,0,0,0,0
"SRR1159455",0,0,3,0,0,0,0,0,0,94,0,0,0,0,0,0,0,163,0,0,0,347,0,0,0,0,0,0,2146,0,0,0,0,0,0,588,0,16,0,0,0,30,0,0,0,0,0,434,0,116,0,0,0,0,0,0,89,0,174,125,0,0,0,0,0,0,0,0,0,0,0,0,0,0,0,0,0,0,0,0,0,0,0,0,0,0,0,0,0,0,0,0,184,0,0,10,0,0,0,0,0,0,256,0,0,0,6,0,0,0,92,23,0,0,279,12488,0,0,0,0,2,0,4,0,131,0,1029,0,0,0,0,0,0,0,0,0,0,0,0,141,0,0,0,0,0,0,0,0,1010,0,6,0,0,0,0
"SRR1159458",24,0,337,0,0,0,40,0,0,9,0,0,117,0,0,0,0,3320,216,0,0,539,68,0,8,0,0,0,17,7,0,0,0,26,0,2115,25,0,0,0,0,18,0,0,0,0,13,10,0,178,0,0,0,0,0,0,207,0,0,3468,0,22,0,0,0,0,0,0,0,0,0,103,0,0,0,0,10,0,0,0,0,0,0,0,0,0,0,0,0,0,6,0,0,0,0,0,0,0,0,0,0,0,105,0,0,74,175,0,0,0,0,0,0,41,14,34,0,0,0,0,5,0,209,0,2305,0,2450,0,0,0,0,0,0,0,28,0,0,0,1,18,0,0,143,0,26,0,0,0,3128,0,0,0,0,0,0
"SRR1159461",0,0,27,0,0,7,14,0,532,147,0,0,36,231,0,0,0,378,137,271,0,656,0,0,0,0,0,0,0,0,0,20,0,0,32,865,91,0,46,0,0,465,43,0,0,0,0,378,26,641,0,0,0,0,0,0,83,0,9,2885,0,0,0,11,0,0,625,0,0,0,0,8,0,0,0,0,0,0,0,0,0,0,0,0,0,0,0,0,0,10,0,2144,0,0,0,0,0,0,0,7,0,0,58,0,0,0,0,0,0,0,0,0,0,0,0,5125,0,0,0,0,6,0,23,0,2306,0,852,0,0,0,0,0,0,0,0,0,0,12,33,376,5,0,10,0,0,0,0,0,153,0,0,189,0,0,0
"SRR1159464",0,0,180,38,0,0,4,0,0,5,0,0,0,0,0,0,0,1932,0,0,0,542,0,0,0,0,0,0,1445,0,0,0,0,0,0,180,0,0,0,0,0,0,53,0,0,0,0,8,101,92,0,0,0,0,0,0,10,0,0,22,0,14,0,1099,0,0,0,0,0,0,0,0,0,0,0,2,0,0,0,0,0,0,0,0,0,0,9125,0,0,0,0,0,0,2,0,0,0,0,7,0,0,0,8,0,0,77,0,0,376,4,0,0,0,0,13,537,0,0,0,0,68,0,41,0,731,0,594,0,0,0,0,0,0,0,0,0,0,13,0,18,0,0,0,0,20,0,0,0,2474,0,2,0,0,0,0
"SRR1159467",37,0,275,0,0,0,986,0,9,15,0,0,147,0,0,0,0,2720,6,599,0,772,0,0,0,8,0,0,23,0,0,182,0,0,23,748,5,16,0,0,0,182,163,0,0,0,0,944,14,985,0,0,0,43,0,0,18,0,269,1235,0,0,0,0,0,7,21,0,0,0,5,0,0,0,0,0,0,0,0,0,58,0,0,0,138,0,0,0,0,0,0,22,0,0,0,0,0,0,0,61,0,0,2222,0,0,0,0,325,0,0,0,0,0,7,19,1821,0,0,0,0,20,0,239,0,38,0,1346,0,0,6,0,0,11,0,0,0,33,0,94,270,0,0,115,0,34,0,0,6,2402,0,0,0,49,0,0
"SRR1159470",0,0,52,0,0,0,0,0,7,1232,0,0,2,8,0,0,0,7,0,0,0,16,0,0,0,0,0,0,836,81,0,0,0,0,0,486,0,0,119,0,0,41,0,0,0,0,0,0,0,27,0,0,0,0,0,0,11,0,8,999,0,1209,0,331,0,47,355,0,0,0,402,0,0,0,0,0,0,0,0,0,0,0,0,0,0,0,0,0,7,0,0,0,0,0,0,0,0,0,0,0,0,0,7,0,0,0,0,0,0,6,0,170,0,0,359,1084,0,0,0,0,18,0,12,0,19,0,112,0,0,0,0,0,1501,0,1,0,0,0,90,9842,0,109,0,0,0,0,0,0,272,0,0,0,0,0,0
"SRR1159473",0,0,64,128,0,3,11,31,159,0,0,0,0,0,0,0,0,28,0,0,0,88,0,0,0,0,0,0,49,11,0,14,0,0,4,1202,0,0,0,0,0,94,0,11,0,0,0,141,0,242,0,0,0,0,0,0,738,0,501,135,0,0,0,288,0,0,0,0,0,0,0,0,0,0,0,0,0,0,0,0,0,0,0,0,0,0,0,0,152,0,22,0,0,0,0,0,0,0,0,0,0,0,12,0,0,0,37,0,0,21,0,0,0,258,21,8525,0,0,0,0,376,0,1394,0,2899,0,361,0,0,101,0,0,0,0,184,0,18,54,252,0,8,9,0,0,0,0,0,0,1110,0,0,0,0,0,0
"SRR1159476",10,0,8,0,0,0,206,3,0,0,0,0,61,264,0,0,0,481,4,1411,0,1101,0,0,0,0,0,0,13,0,0,34,0,243,131,1202,0,383,57,0,0,924,23,0,0,0,104,15,0,821,0,0,0,13,0,0,130,0,625,3480,0,0,0,8,0,0,478,0,0,14,0,0,0,0,0,67,0,0,0,34,260,0,0,0,65,0,11,241,182,0,0,0,0,0,0,0,0,0,0,166,0,0,980,0,2,2,44,9,0,111,75,0,0,0,35,897,0,0,0,0,0,0,3,0,528,0,1702,0,0,0,0,0,13,0,0,0,212,0,0,14,5,0,4,0,0,0,0,134,1689,0,0,0,0,0,0
"SRR1159478",0,0,364,0,0,0,0,0,11,557,0,0,0,0,0,19,0,30,111,0,0,0,0,0,0,106,0,0,2245,214,0,0,0,0,0,0,0,38,0,81,0,0,884,0,0,0,0,244,0,0,0,0,0,0,0,0,11,0,510,22,0,0,0,450,30,0,20,0,0,0,196,0,0,0,0,50,0,0,0,0,0,5,0,0,0,0,29,0,0,0,0,0,31,74,0,95,0,0,0,0,0,0,117,0,0,0,0,0,5,190,0,535,0,447,1610,2427,0,0,0,0,34,0,48,0,0,5,11,0,0,0,0,0,0,0,0,0,0,0,78,0,0,0,0,0,1907,0,0,0,5500,0,29,0,0,0,0
"SRR1159481",0,0,104,0,0,79,88,0,24,9,0,7,110,676,0,29,0,389,56,1151,0,459,0,0,0,0,0,0,12,110,0,1281,0,340,0,1059,0,233,0,0,0,785,0,0,0,0,0,44,0,426,0,0,0,0,0,41,0,0,31,2426,0,0,4,27,0,0,93,0,0,0,0,0,0,0,6,74,0,0,0,0,0,0,0,0,0,0,0,7,0,0,0,618,0,0,0,0,0,0,0,108,0,0,377,0,4,39,0,0,0,0,0,0,0,0,22,2942,0,0,0,0,0,0,2,0,187,0,680,0,0,0,0,0,15,0,0,0,29,0,0,34,124,0,0,0,0,0,0,0,2671,1029,0,68,0,0,0
"SRR1159484",0,0,23,0,0,1,172,0,13,388,0,0,0,9,0,0,0,1032,30,865,88,946,0,0,0,0,0,0,16,0,0,0,0,431,41,946,0,0,0,2,0,598,130,12,0,0,0,326,35,260,0,0,180,0,4,0,3669,0,748,1323,0,1100,9,10,0,0,56,0,0,0,0,0,0,0,0,2,0,0,0,0,0,0,0,0,0,0,0,0,0,0,0,7,0,2,0,0,0,0,0,107,0,0,81,2,0,201,159,2,0,0,0,49,0,6,12,19,0,0,0,0,1,0,434,0,1398,0,144,0,0,0,0,0,6,0,28,0,0,0,1,315,84,0,0,0,0,0,0,0,3352,0,0,0,0,0,0
"SRR1159487",0,0,1,0,0,0,204,0,23,546,0,0,26,0,0,0,0,2723,7,0,0,582,0,0,0,11,0,0,1187,0,0,382,0,198,0,998,91,66,0,0,3,25,214,0,0,0,0,61,0,88,0,0,0,0,0,5,347,0,202,1060,0,293,48,0,0,0,17,0,0,0,0,11,0,0,0,4,0,0,0,0,100,0,0,0,0,0,0,0,0,0,0,0,48,0,0,112,0,0,0,86,0,0,280,0,0,40,0,12,0,30,0,56,0,405,512,4385,0,0,0,7,0,0,0,0,166,0,1604,0,0,0,0,0,0,0,0,0,131,0,0,70,313,0,21,0,0,0,0,0,2090,20,38,0,0,0,0
"SRR1159490",0,0,238,42,0,0,0,0,0,192,0,0,0,0,0,0,0,442,3,0,0,0,0,0,0,0,0,0,1280,0,0,0,0,0,0,395,28,0,0,4,0,0,6,4,0,0,0,631,0,41,0,0,0,0,0,0,593,0,428,14,0,179,0,214,0,0,0,0,0,0,4,0,0,0,0,0,4,0,0,0,0,0,0,0,0,0,0,0,0,5,0,0,39,17,5,633,0,0,0,0,0,0,78,0,0,43,0,0,0,9,0,273,0,565,4331,745,0,0,0,0,33,445,568,0,8,0,0,0,0,0,0,0,105,0,2,0,0,0,39,0,0,0,0,0,2610,0,0,0,3672,0,115,0,0,0,0
"SRR1179142",2,2,0,0,0,0,14,0,0,0,1,0,0,0,1,14,0,26,17,0,0,15,0,0,3,0,0,0,0,1,0,64,2,4,1,306,1,5,0,0,1,90,0,0,0,0,0,20,0,9,0,0,0,0,0,2,0,0,94,74,0,0,0,0,0,0,6,0,0,17,0,1,0,0,0,0,0,0,0,0,0,0,0,0,0,0,0,0,0,0,0,19,0,0,0,0,0,0,0,0,0,0,126,0,0,13,7,0,0,0,0,0,0,5,0,1707,0,0,2,1,0,0,0,0,39,0,191,3,0,0,0,0,0,0,0,0,36,0,0,3,2,0,1,0,0,0,0,0,520,0,0,3,0,0,0
"SRR1179143",0,0,0,0,0,0,7,0,0,0,0,1,0,80,3,10,0,1163,0,0,0,80,0,0,14,0,0,0,0,2,0,0,7,9,7,582,12,0,0,0,3,142,0,0,0,0,0,74,0,26,0,0,0,0,0,0,0,0,13,254,0,0,4,0,0,0,34,0,0,0,0,0,0,0,0,3,0,0,0,0,0,0,0,0,0,0,0,0,0,0,0,0,0,0,0,0,0,0,0,16,0,3,30,0,0,0,0,0,24,0,0,0,0,0,0,87,0,0,4,4,0,0,0,0,68,0,121,0,0,0,0,0,0,0,0,0,0,0,0,0,0,2,0,0,0,0,0,0,609,0,0,0,0,0,0
"SRR1179144",3,0,0,0,0,0,89,0,0,0,0,0,0,3,0,9,0,392,16,0,0,106,0,0,14,0,0,0,0,0,0,33,8,0,3,342,14,9,0,0,0,165,0,0,0,0,0,33,0,14,0,0,0,0,0,0,0,0,11,642,0,0,4,0,0,0,57,0,0,0,0,0,0,0,0,0,0,0,0,0,0,4,0,0,0,2,0,0,0,0,0,0,0,0,0,0,0,0,0,7,0,0,158,0,0,52,0,0,5,0,0,0,0,0,0,87,0,0,0,2,0,0,0,0,497,0,136,0,0,0,0,0,0,0,0,0,16,0,0,32,8,0,3,0,0,0,0,0,499,0,0,0,0,0,0
"SRR1179145",0,10,0,0,0,0,8,0,0,0,0,0,0,34,0,0,0,1565,0,0,0,138,0,0,16,0,0,0,0,6,0,12,5,0,11,486,10,0,0,0,4,18,0,0,0,0,0,8,0,26,0,0,0,0,0,0,0,0,0,684,0,0,9,0,0,0,0,0,0,0,0,0,0,0,0,0,0,0,0,0,0,0,0,0,0,0,0,3,0,0,0,0,0,0,0,0,0,0,0,0,0,0,150,0,0,23,0,0,0,0,0,0,0,20,0,0,0,0,0,3,0,0,0,0,16,0,30,0,0,0,0,0,0,0,0,0,0,0,0,29,0,0,0,0,0,0,0,0,176,0,0,0,0,0,0
"SRR1179146",0,0,0,0,0,0,45,11,0,0,0,0,0,13,11,0,0,522,8,0,0,169,0,0,2,5,0,0,0,0,0,4,6,66,5,235,10,8,0,0,0,55,0,0,0,0,0,0,0,35,0,0,0,0,0,0,0,0,20,650,0,0,0,9,0,0,93,0,0,0,0,0,0,0,0,2,0,0,0,0,0,0,0,0,2,0,0,7,0,0,0,0,0,0,0,0,0,0,0,5,3,0,15,0,0,12,0,0,0,0,0,0,0,32,0,508,0,0,0,5,0,0,0,0,413,0,104,0,0,0,0,0,0,0,0,0,0,0,0,7,5,0,24,0,0,0,0,0,365,0,0,10,0,0,0
"SRR1179147",0,0,0,0,0,0,0,0,0,0,0,1,0,29,10,0,0,0,0,0,0,977,0,0,28,0,0,0,0,1,0,5,3,6,10,898,25,20,0,0,8,128,0,0,0,0,0,0,0,0,0,4,0,0,0,0,0,2,0,641,0,0,12,0,0,0,22,0,0,0,0,0,0,0,2,6,0,0,0,0,3,3,1,0,0,1,0,0,0,0,0,0,0,0,0,0,0,0,0,2,0,0,27,0,0,0,0,0,64,0,0,0,0,0,0,11,0,0,0,7,0,0,0,0,190,0,31,0,0,0,0,0,0,0,0,0,0,0,0,43,0,0,0,0,0,0,0,2,273,0,0,2,0,0,0
"SRR1179148",0,127,0,0,0,0,1,0,0,0,0,0,0,15,0,0,0,88,0,0,0,282,0,0,23,0,0,0,0,0,0,3,6,0,10,100,22,0,0,0,0,3,0,0,0,0,0,0,0,29,0,0,0,0,0,0,0,0,0,443,0,0,6,0,0,0,179,0,0,0,0,0,0,0,0,0,0,0,0,0,0,0,0,0,0,0,0,0,0,0,0,0,0,0,0,0,0,0,0,3,0,0,57,0,0,6,66,0,0,0,0,0,0,256,0,955,0,0,0,9,0,0,0,0,425,0,18,0,0,0,0,0,0,0,0,0,11,0,0,0,54,0,0,0,0,0,0,0,259,0,0,0,0,0,0
"SRR1179149",0,15,0,0,0,0,1,2,4,0,1,0,0,28,0,12,0,43,0,0,0,65,0,0,2,4,0,0,0,6,0,96,1,4,0,441,0,21,0,0,0,92,0,0,0,0,0,12,0,97,0,0,0,0,0,0,0,0,179,17,0,0,1,0,0,0,19,0,0,0,0,0,0,0,2,2,2,2,0,0,0,0,1,0,3,1,2,54,0,0,0,466,0,1,0,0,0,0,0,0,0,0,201,0,0,7,45,0,0,0,0,0,0,55,0,777,0,0,0,2,0,0,0,0,53,0,65,0,0,0,0,0,0,0,0,0,43,0,0,0,0,228,0,0,0,0,0,0,322,0,0,1,0,0,0
"SRR1179150",0,2,0,0,0,0,2,2,0,0,0,0,0,5,3,0,0,8,0,0,0,19,0,0,0,2,0,0,0,41,0,9,2,0,0,70,12,0,0,0,0,5,0,0,0,0,5,6,0,9,0,0,0,0,0,0,0,0,42,193,0,0,0,19,0,0,5,0,0,0,5,0,0,0,0,1,0,0,0,0,3,0,0,0,3,0,0,0,0,0,0,0,0,0,0,0,0,0,0,6,0,0,59,0,0,2,13,0,0,0,0,0,0,34,0,2193,0,0,2,0,0,0,0,0,42,0,36,0,0,3,0,0,0,0,0,0,5,0,0,8,0,4,11,0,0,0,0,0,535,7,0,0,3,0,0
"SRR1179151",0,9,0,0,0,0,54,0,0,0,0,0,0,41,3,7,0,211,11,19,0,422,0,0,47,2,0,0,0,0,0,14,6,0,3,87,21,0,0,0,0,39,0,0,2,2,7,0,0,40,0,0,0,0,0,0,0,0,8,688,0,0,3,0,0,0,28,0,0,0,0,4,0,0,0,0,0,0,0,0,0,1,0,0,12,0,0,0,0,0,0,53,0,0,0,0,0,0,0,4,0,0,192,0,0,24,26,0,0,0,0,0,0,3,0,33,0,0,0,3,0,0,0,1,90,0,735,0,0,0,0,0,5,0,0,0,21,0,0,4,2,0,3,0,0,0,0,0,468,4,0,0,5,0,0
"SRR1179152",0,2,0,0,0,0,9,0,0,0,0,0,0,32,2,0,0,519,14,0,0,81,0,0,5,0,0,0,0,0,0,10,6,31,9,364,5,41,0,0,0,24,0,0,0,0,0,0,0,16,0,0,0,0,0,0,0,0,0,977,0,0,4,0,0,0,0,0,0,0,6,12,0,0,0,0,0,0,0,0,0,0,0,0,0,0,11,0,0,0,0,0,0,0,0,0,0,0,0,3,0,0,6,0,0,2,0,0,0,0,0,0,0,7,0,0,0,0,0,4,0,0,0,0,378,0,60,0,0,0,0,0,0,0,0,0,2,0,0,592,0,0,0,0,0,0,0,7,259,0,0,0,0,0,0
"SRR1179153",0,8,0,0,0,0,10,0,0,4,0,1,0,2,14,0,0,134,0,0,0,22,0,0,1,0,0,0,0,0,0,2,12,3,0,56,4,0,0,0,2,610,0,0,0,0,0,8,0,195,0,0,0,0,0,0,111,0,69,3,0,0,8,0,0,8,131,0,0,0,4,0,0,0,4,1,0,0,0,0,3,5,1,0,0,1,0,16,0,0,0,0,0,0,0,0,0,0,0,0,0,1,24,0,0,1,0,0,4,2,0,5,0,0,0,29,0,0,0,2,0,36,0,0,71,0,311,0,0,0,0,0,4,0,0,0,12,0,0,1364,0,0,0,0,0,0,0,1,173,0,0,0,0,0,0
"SRR1179154",0,36,0,0,0,0,51,9,0,0,0,0,0,0,2,0,0,54,11,0,0,58,0,0,7,9,0,0,0,0,0,0,4,0,0,25,2,0,0,0,1,13,0,0,0,0,0,0,0,24,0,0,0,0,0,0,0,0,210,79,0,0,0,0,0,0,13,0,0,0,0,0,0,0,0,0,4,0,0,0,7,0,0,0,0,0,0,28,0,0,0,0,0,2,0,0,0,0,0,37,0,0,23,0,0,15,9,0,1,0,0,0,0,31,0,2337,0,0,0,0,0,0,0,0,294,0,13,0,0,0,0,0,0,0,0,0,0,0,0,9,0,0,2,0,0,0,0,0,80,0,0,0,0,0,0
"SRR1179155",0,1,0,0,0,0,0,1,0,0,0,0,0,0,0,0,0,98,0,0,0,3,0,0,0,2,0,0,0,0,0,0,0,0,0,20,1,0,0,0,0,0,0,0,0,0,0,0,0,7,0,0,0,0,0,0,0,0,0,2,0,0,1,2987,0,0,0,0,0,0,0,0,0,0,0,0,0,0,0,0,0,0,0,0,0,0,0,7,0,0,0,6,0,0,0,0,0,0,0,0,0,0,1,0,0,3,0,0,0,0,0,0,0,8,0,251,0,0,0,0,0,0,0,0,29,0,0,0,0,0,0,0,0,0,0,0,0,0,0,2,0,12,5,0,0,0,0,0,48,0,0,0,1,0,0
"SRR1179156",0,0,0,0,0,0,46,0,0,0,0,0,0,37,0,0,0,790,0,0,0,696,0,0,25,11,0,0,0,0,0,4,3,0,63,305,47,0,0,0,2,13,0,0,0,0,0,0,0,27,6,0,0,0,0,0,6,0,29,1,0,0,0,0,0,0,148,0,0,0,0,0,0,0,0,3,0,0,0,0,0,0,0,0,0,2,0,0,0,0,0,0,0,0,0,0,0,0,0,0,0,0,31,0,0,47,0,0,13,0,0,0,0,34,0,0,0,0,0,23,0,0,0,0,208,0,150,0,0,0,0,0,0,0,0,0,0,0,0,0,0,0,66,0,0,0,0,0,661,0,0,0,0,0,0
"SRR1179157",0,0,0,0,0,0,131,0,0,0,0,0,0,38,2,0,0,422,2,0,0,133,0,0,19,0,0,0,0,0,0,0,11,0,18,182,93,0,0,0,4,50,0,0,0,0,0,0,0,83,0,0,0,0,0,0,0,0,0,716,0,0,11,343,0,0,42,0,0,0,0,0,0,0,9,5,0,0,0,0,0,2,3,0,5,0,0,0,0,0,0,0,0,0,0,0,0,0,0,18,0,0,236,0,0,8,0,0,45,0,0,0,0,17,0,0,0,0,3,4,0,0,0,0,450,0,164,0,0,0,0,0,0,0,0,0,6,0,0,34,0,0,0,0,0,0,0,0,194,0,0,0,0,0,0
"SRR1179158",0,12,0,0,0,0,4,0,0,0,0,0,0,0,0,0,0,133,16,0,0,64,0,0,8,0,0,0,0,0,0,9,0,0,6,53,4,0,0,0,0,15,0,0,0,0,0,0,0,46,0,0,0,0,0,0,0,0,9,468,0,0,0,0,0,0,13,0,0,0,0,0,0,0,0,2,2,0,0,0,0,0,0,0,1,0,0,1,0,0,0,0,0,0,0,0,0,0,0,0,0,0,8,0,0,20,0,0,2,0,0,0,0,44,0,814,0,0,0,2,0,0,0,0,1173,0,298,0,0,0,0,0,0,0,0,0,4,0,0,0,0,0,0,0,0,0,0,0,270,0,0,0,0,0,0
"SRR1179159",0,312,0,0,0,0,35,0,0,0,0,0,0,5,2,0,0,1787,3,0,0,125,0,0,0,8,0,0,0,67,0,0,0,0,2,76,3,0,0,0,0,0,0,0,0,0,0,0,0,15,0,0,0,0,0,0,187,0,0,248,0,0,8,0,0,0,161,0,0,0,0,0,0,0,0,3,0,0,0,0,0,0,0,0,3,0,0,10,0,0,0,16,0,0,0,0,0,0,0,0,0,0,0,0,0,75,0,0,0,0,0,0,0,25,0,29,0,0,0,0,0,0,0,0,55,0,27,0,0,0,0,0,0,0,0,0,0,0,0,0,0,0,63,0,0,0,0,0,147,0,0,0,0,0,0
"SRR1179160",0,55,0,0,0,0,0,0,0,0,0,0,0,12,1,0,0,66,0,0,2,117,0,2,33,0,0,0,0,0,0,8,2,6,6,67,0,0,0,0,1,81,0,0,0,0,0,241,0,106,0,0,0,3,0,0,0,0,96,242,0,0,2,3,0,0,101,0,0,14,0,0,0,0,0,0,5,0,0,0,0,0,0,0,0,0,0,67,0,0,0,11,0,0,0,0,0,0,0,8,0,0,2,0,0,8,0,0,0,0,0,0,0,0,0,1387,0,0,0,3,0,0,0,0,68,0,218,0,0,7,0,0,0,0,0,0,6,0,0,0,3,0,0,0,0,0,0,0,365,0,0,6,0,0,0
"SRR1179161",0,2,0,0,0,0,0,7,6,0,0,1,0,2,0,0,0,1,0,0,0,25,0,0,5,0,0,0,0,9,0,3,0,14,0,19,4,0,0,0,0,7,0,0,0,0,0,0,0,6,0,0,0,0,0,0,0,0,13,64,0,0,0,49,0,0,17,0,0,0,0,0,0,0,0,0,0,0,0,0,9,1,0,0,1,0,122,0,0,0,0,0,0,0,0,0,0,0,0,0,0,0,10,0,0,0,1,0,0,0,0,0,0,36,0,2466,0,0,0,2,0,0,0,0,13,0,21,0,0,2,0,0,0,0,0,0,1,0,0,51,0,0,14,0,0,0,0,6,472,0,0,0,0,0,0
"SRR1179162",0,13,0,0,0,0,3,19,12,0,0,0,0,25,0,0,0,621,0,0,0,50,0,0,30,0,0,0,0,155,0,0,0,0,0,365,36,0,0,0,0,56,0,0,0,0,0,0,0,14,0,0,0,0,0,0,0,0,0,915,0,0,2,0,0,0,24,0,0,0,0,0,0,0,0,4,0,0,0,0,0,3,0,0,0,0,0,9,0,0,0,0,0,0,0,0,0,0,0,0,0,0,98,0,0,10,0,0,4,0,0,0,0,37,0,22,0,0,0,0,0,0,0,0,307,0,3,0,0,0,0,0,0,0,0,0,0,0,0,38,0,0,65,0,0,0,0,0,556,0,0,4,0,0,0
"SRR1179163",56,0,0,0,0,0,2,2,0,0,1,1,0,13,6,35,0,20,1,7,0,131,0,0,7,1,0,0,0,56,0,20,11,0,6,75,1,4,0,0,0,176,0,0,0,0,4,36,0,143,0,0,0,0,0,0,3,0,5,99,0,0,0,3,0,0,12,0,0,9,0,0,0,0,0,0,2,0,0,0,8,0,0,0,4,3,0,3,0,0,0,4,0,4,0,0,0,0,0,3,0,0,660,0,0,3,2,0,0,0,10,0,0,7,0,75,0,0,0,0,0,0,0,0,60,0,347,0,0,0,0,0,0,0,0,0,56,0,0,5,0,0,0,0,0,0,0,0,1273,0,0,0,0,0,0
"SRR1179164",0,0,0,0,0,0,4,0,0,0,0,0,0,6,1,22,0,23,0,0,0,71,0,0,29,5,0,0,0,91,0,13,0,0,0,187,85,0,0,0,0,28,0,0,4,0,0,0,0,42,0,0,0,0,0,0,0,0,24,356,0,0,1,21,0,0,97,0,0,13,0,0,0,0,0,0,2,0,0,0,3,0,0,0,1,0,433,0,0,0,0,0,0,0,4,0,0,0,0,3,0,0,115,0,0,3,1,0,0,0,0,0,0,20,0,120,0,0,0,1,0,0,0,0,420,0,224,0,0,13,0,2,0,0,0,0,8,0,0,15,3,6,2,0,0,0,0,0,790,66,0,0,0,0,0
"SRR1179165",0,0,0,0,0,0,49,0,0,0,0,3,0,0,3,10,0,1176,0,0,0,179,0,0,8,15,0,0,0,0,0,113,8,55,10,383,11,157,0,0,1,8,0,0,0,0,0,0,0,20,0,27,8,0,0,0,158,0,0,0,0,0,5,0,0,0,0,0,0,0,0,0,0,0,0,2,0,10,0,0,251,0,2,0,2,0,0,0,0,0,0,0,0,0,0,0,0,0,0,17,0,0,5,6,0,21,102,0,0,0,0,0,0,0,0,0,0,0,4,24,0,0,0,0,4,0,154,0,4,0,0,0,0,0,0,0,3,0,0,42,3,0,0,0,0,0,0,3,220,0,0,214,0,0,0
"SRR1179166",2,0,0,0,0,0,3,0,0,0,0,0,2,3,2,15,0,72,0,0,0,200,0,0,24,4,0,0,0,203,0,2,2,0,1,185,6,0,0,0,0,21,0,0,0,0,0,0,0,198,0,0,0,0,0,0,0,0,41,70,0,0,5,166,0,0,0,0,0,0,0,0,0,0,2,0,0,0,0,2,0,0,1,0,2,0,0,4,0,0,0,9,0,0,0,0,0,0,0,5,0,0,121,0,0,16,2,0,0,0,0,0,0,21,0,1206,0,0,14,10,0,0,0,0,89,0,84,0,0,0,0,0,0,0,0,0,5,0,0,345,0,8,8,0,0,0,0,0,317,0,0,0,0,0,0
"SRR1179167",0,0,0,0,0,0,0,0,0,0,3,1,0,767,0,0,0,422,0,0,0,68,0,0,0,0,0,0,0,0,0,0,0,47,105,179,0,237,0,0,3,7,0,0,0,0,0,0,0,15,6,6,0,0,3,0,85,0,0,0,0,0,0,0,0,0,0,0,0,0,0,0,0,0,8,0,0,0,0,0,32,0,0,0,0,0,0,0,0,0,0,0,0,0,0,0,0,0,0,0,0,0,0,0,0,587,0,0,241,0,0,0,0,0,0,0,0,0,0,0,0,0,0,0,1,0,40,0,4,0,0,0,0,0,0,0,0,0,0,6,0,0,0,0,0,0,0,0,607,0,0,21,0,0,0
"SRR1179168",0,92,0,5,0,0,108,4,10,0,1,0,0,11,16,0,0,691,0,15,0,225,0,0,0,42,0,0,0,0,0,13,28,0,0,141,10,16,0,0,0,178,0,0,0,0,0,0,0,87,0,0,0,0,0,0,0,0,82,323,0,0,4,0,0,4,13,0,0,0,0,0,0,0,9,10,0,0,0,0,0,0,0,0,7,0,0,6,0,0,0,0,0,0,0,0,0,0,0,0,0,0,156,0,0,1,0,0,25,0,0,0,0,2,0,0,0,0,0,7,0,4,0,0,179,0,135,0,0,0,0,0,0,0,0,0,54,0,0,76,0,0,0,0,0,0,0,0,706,0,0,0,0,1,0
"SRR1179169",0,0,0,0,0,0,176,0,0,0,2,0,0,305,10,4,0,14,56,0,0,875,0,0,6,0,0,0,0,0,0,108,36,4,21,227,4,0,0,0,1,25,0,0,10,1,0,0,0,5,3,0,0,0,0,0,0,0,9,12,0,0,8,0,0,0,28,0,0,9,0,0,0,0,9,2,0,0,0,0,0,0,0,0,0,10,0,0,0,0,0,0,0,0,0,0,0,0,0,226,0,0,28,0,0,15,0,0,0,0,2,0,0,0,0,7,0,0,5,8,0,0,0,16,729,0,158,0,0,0,0,0,0,0,0,0,14,0,0,8,1,0,0,0,0,0,0,0,285,7,0,0,0,0,0
"SRR1179170",0,8,0,0,0,0,42,0,0,0,0,0,0,53,3,0,0,192,95,130,3,143,0,0,6,3,0,0,0,0,0,0,2,7,2,166,11,0,0,0,0,41,0,0,0,0,0,0,0,119,0,0,0,0,0,0,0,0,84,623,0,0,3,0,0,0,60,0,0,0,0,0,0,0,0,1,0,0,0,0,120,0,0,0,8,2,9,30,0,0,0,0,0,0,0,0,0,0,0,2,0,0,192,0,0,40,0,0,2,0,0,0,0,28,0,0,0,0,0,0,0,0,0,0,380,0,50,0,0,0,0,0,0,0,0,0,7,0,0,460,4,0,7,0,0,0,0,0,358,0,0,2,0,0,0
"SRR1179171",2,0,0,0,0,0,0,3,0,0,0,0,0,2,1,0,0,91,1,0,0,19,0,0,3,2,0,0,0,0,0,22,4,0,0,9,4,0,0,0,0,3,0,0,0,0,0,22,0,9,0,0,0,0,0,0,5,0,7,67,0,0,5,0,0,0,8,0,0,0,0,0,0,0,0,0,1,0,0,0,0,0,0,0,0,0,0,0,0,0,0,0,0,0,0,0,0,0,0,19,0,0,69,0,0,96,22,0,5,0,0,0,0,0,0,2455,0,0,0,3,0,0,0,0,14,0,256,0,0,0,0,0,0,0,0,0,11,0,0,4,0,0,0,0,0,0,0,0,249,4,0,2,0,0,0
"SRR1179172",0,192,0,0,0,0,106,0,0,0,0,0,0,25,2,0,0,1786,0,0,0,117,0,0,0,15,0,0,0,6,0,0,26,11,2,468,0,24,0,0,0,12,0,0,0,0,0,0,0,57,0,0,0,0,0,0,0,0,17,98,0,0,15,14,0,0,3,0,0,0,0,0,0,0,0,12,0,0,0,0,0,0,0,0,0,0,0,40,0,0,0,17,0,0,0,0,0,0,0,0,0,0,8,0,0,68,0,0,0,0,0,0,0,38,0,59,0,0,0,0,0,0,0,0,17,0,29,0,0,0,0,0,0,0,0,0,3,0,0,55,0,0,30,0,0,0,0,0,118,0,0,10,0,0,0
"SRR1179173",3,0,0,0,0,0,8,3,0,0,0,0,0,5,1,5,0,47,0,0,0,103,0,0,2,8,0,0,0,9,0,62,7,0,0,88,18,0,0,0,0,99,0,0,0,0,5,0,0,12,0,0,0,0,0,0,0,0,16,210,0,0,3,0,0,0,21,0,0,9,0,0,0,0,3,1,0,0,0,0,27,0,0,0,5,0,0,0,0,0,0,0,0,0,0,0,0,0,0,7,0,0,59,0,0,11,3,0,0,0,0,0,0,13,0,1335,0,0,3,1,0,1,0,0,114,0,273,0,0,0,0,0,0,0,0,0,7,0,0,19,0,0,4,0,0,0,0,0,853,6,0,0,0,0,0
"SRR1179174",0,7,0,0,0,0,3,63,0,0,1,4,0,0,4,21,0,3,4,0,0,98,0,0,2,0,0,0,0,37,0,2,9,13,0,42,1,10,0,0,6,136,0,0,2,0,6,660,0,69,0,0,0,5,0,0,22,0,23,405,0,0,1,0,0,0,27,0,0,0,0,0,0,0,0,8,4,0,0,0,3,0,0,0,17,5,0,323,0,0,0,101,0,9,2,0,0,0,0,0,10,1,46,0,0,1,1,0,2,0,6,0,0,16,0,519,0,0,0,0,0,0,0,0,41,0,123,0,0,0,0,0,0,0,0,0,8,0,0,14,0,0,0,0,0,0,0,2,539,0,0,2,0,0,0
"SRR1179175",0,12,0,0,0,0,7,3,0,0,0,0,0,5,0,0,0,132,0,0,0,12,0,0,3,3,0,0,0,38,0,0,0,0,0,22,6,0,0,0,0,4,0,0,0,0,0,6,0,14,0,0,0,0,0,0,11,0,0,562,0,0,6,0,0,0,20,0,0,0,0,0,0,0,0,0,0,0,0,0,4,0,0,0,0,2,0,26,0,0,0,9,0,0,0,0,0,0,0,2,0,0,11,0,0,10,8,0,0,0,0,0,0,60,0,2210,0,0,0,3,0,0,0,0,97,0,10,0,0,0,0,0,0,0,0,0,5,0,0,10,0,0,20,0,0,0,0,0,148,0,0,0,0,0,0
"SRR1179176",0,274,0,4,0,0,0,6,0,0,0,0,0,2,0,0,0,22,0,0,2,100,0,0,10,0,0,0,0,199,0,0,0,7,0,81,2,24,0,0,0,64,0,0,0,0,11,169,0,61,0,0,0,3,0,0,0,2,349,754,0,0,3,0,0,0,23,0,0,0,0,0,0,0,3,3,15,0,0,0,10,0,0,0,0,1,0,88,0,0,0,221,0,0,0,0,0,0,0,0,0,0,13,0,0,21,8,0,0,0,0,0,0,4,0,163,0,0,6,2,0,0,0,2,404,0,82,0,0,0,0,0,0,0,0,0,0,0,0,66,0,0,0,0,0,0,0,0,211,0,0,0,0,0,0
"SRR1179177",0,0,0,0,0,0,165,0,0,0,0,1,0,7,7,0,0,1187,5,0,0,387,0,0,33,0,0,0,0,0,0,179,48,0,20,340,40,0,0,0,0,0,0,0,4,0,0,29,0,4,0,0,0,0,0,0,0,0,51,299,0,0,33,0,0,0,0,0,0,0,0,0,0,0,0,20,0,0,0,0,0,0,0,0,0,0,0,0,0,0,0,0,0,0,0,0,0,0,0,87,0,0,20,0,3,0,0,0,0,0,0,0,0,0,0,0,0,0,0,28,0,0,0,2,64,0,208,0,0,0,0,0,0,0,0,0,4,0,0,8,0,0,3,0,0,0,0,0,210,0,0,0,0,0,0
"rgn.1.1",0,0,0,2,0,0,0,0,0,602,0,0,4,105,0,4,5,31,0,3,0,36,3,0,5,0,0,0,13,42,0,0,0,81,119,83,7,13,85,0,0,11,150,0,0,0,0,121,3,71,0,0,0,0,0,0,15,0,2,12,0,1413,0,66,0,6,0,0,0,2,2,0,0,0,2,0,8,0,0,0,6,0,0,0,0,0,0,4,0,0,0,0,0,0,3,66,0,15,0,0,0,0,0,0,0,0,0,0,8,4,0,356,57,0,7,14,1,0,2,0,0,0,0,0,52,18,115,8,0,0,0,0,0,0,0,0,0,8,0,35,0,0,0,0,0,0,0,0,68,0,0,1,0,0,9
"rgn.1.10",2,0,0,0,0,0,10,0,0,115,0,0,0,4,0,5,0,372,0,0,43,100,2,0,4,0,2,4,17,0,0,0,0,39,26,218,5,8,3,0,0,48,22,0,0,0,0,34,1,87,0,0,6,0,0,0,563,0,21,77,0,330,6,0,0,0,6,0,0,1,3,6,0,0,4,0,0,0,0,1,9,0,0,0,0,3,0,0,0,0,1,0,4,0,0,15,0,12,0,1,0,1,10,0,5,2,0,0,18,0,2,89,19,0,19,1046,0,0,0,0,0,0,0,0,103,0,175,0,0,0,0,0,0,0,0,3,2,0,0,8,0,0,0,0,3,0,0,2,223,10,6,7,0,2,0
"rgn.1.12",2,0,2,6,3,0,13,0,19,252,0,0,0,6,0,4,115,248,17,0,2,38,18,3,5,2,0,0,60,0,0,22,7,24,27,147,8,4,0,0,0,25,217,1,0,3,0,66,0,37,1,0,0,0,0,0,10,0,9,49,3,350,0,403,3,1,15,0,0,17,349,0,0,0,0,0,2,0,0,0,12,0,0,0,2,0,0,0,0,0,0,0,3,0,3,48,0,13,0,2,0,0,20,0,0,5,0,1,4,143,3,101,90,43,50,284,1,0,0,0,0,0,0,0,39,0,71,0,0,0,0,0,163,0,0,0,5,4,0,2,1,0,0,0,27,0,0,0,187,0,6,4,0,0,0
"rgn.1.16",0,0,0,0,0,0,0,0,0,1,0,0,0,0,0,2,0,11,2,1,0,9,0,0,0,0,1,0,17,0,0,7,0,1,0,19,1,3,0,0,0,5,1,0,0,0,2,1,0,1,0,0,0,0,0,0,0,0,11,11,1,3,0,0,2,0,6,0,0,4,1,0,0,0,18,0,0,0,0,0,3724,0,0,0,0,0,0,0,0,0,0,0,5,1,1,3,0,0,0,0,0,0,2,0,1,1,1,0,0,0,0,4,1,5,5,5,0,0,0,0,0,0,0,1,7,0,14,2,0,0,0,0,0,0,0,0,1,0,0,1,0,18,0,0,2,0,0,0,26,0,0,0,0,0,0
"rgn.1.17",0,0,5,2,0,0,2,0,61,0,0,0,0,2,0,0,1,346,0,82,0,109,2,0,5,0,0,0,0,0,0,1,4,25,162,183,1,72,3,0,0,39,19,0,0,0,0,0,0,14,1,0,0,0,0,0,0,0,1,284,0,8,0,0,0,0,266,0,0,0,0,2,0,0,2,0,0,0,0,0,1,0,0,0,15,0,431,2,0,0,2,0,0,0,0,4,0,0,0,0,0,0,1,0,0,28,0,0,0,0,0,1,0,47,0,1369,3,0,0,0,0,0,0,0,121,3,152,0,0,0,0,0,0,0,0,0,0,1,0,18,0,0,9,0,0,0,0,3,70,0,0,2,0,0,4
"rgn.1.18",0,1,0,0,0,0,19,0,0,76,0,0,0,1,0,3,19,945,0,92,14,3,0,0,2,2,7,3,22,0,0,2,4,5,6,45,0,1,3,0,0,1,2,1,2,0,0,122,2,13,4,0,0,0,0,0,154,0,3,27,0,119,3,23,7,0,8,0,1,1,0,0,0,0,45,0,3,0,0,0,4,0,0,0,0,0,2,82,0,0,0,2,2,0,0,4,0,0,0,5,1,0,35,0,0,6,0,0,0,0,0,57,241,21,4,686,0,0,1,3,0,0,0,0,4,0,10,0,0,1,0,0,0,0,0,2,3,1,0,94,0,0,26,0,0,0,8,0,229,0,3,641,0,0,0
"rgn.1.19",14,0,0,1,0,0,22,4,9,16,0,0,3,1,4,4,1,514,52,3,0,73,0,2,7,3,8,20,38,68,0,126,30,31,81,62,2,7,24,0,0,16,2,0,0,6,2,130,0,37,3,1,0,0,0,0,80,2,63,329,0,15,7,1,0,0,133,1,0,1,5,1,0,0,2,1,3,2,0,0,6,0,0,0,0,0,0,67,0,0,0,0,0,2,0,0,0,0,0,1,16,10,229,0,0,19,0,0,0,0,3,15,1,34,15,70,0,0,0,4,0,0,0,1,114,0,147,0,0,0,0,0,0,3,0,3,46,0,0,27,1,789,6,0,0,0,0,13,278,0,0,1,0,0,0
"rgn.1.2",0,0,0,4,0,0,15,0,2,12,0,0,16,0,0,1,1,44,0,28,0,41,3,0,5,0,0,0,151,20,0,9,0,3,0,31,1,1,0,0,0,43,28,0,0,0,0,56,0,25,0,0,0,0,0,0,0,0,11,120,42,16,0,118,8,1,43,0,0,16,10,3,0,0,3,0,0,0,0,0,5,0,0,0,0,1,0,59,0,0,0,1,11,0,0,2,5,0,0,0,5,0,5,0,0,15,0,0,1,66,10,20,70,1,244,1783,0,0,4,0,0,0,0,0,229,0,19,8,0,0,0,0,138,0,0,0,5,0,0,27,0,11,15,0,8,0,0,0,273,0,0,2,0,0,0
"rgn.1.3",1,0,0,1,0,0,0,11,8,30,0,0,0,0,0,14,0,4,0,3,0,12,0,0,2,0,0,5,3,23,1,20,9,22,3,33,2,1,11,0,0,22,8,3,0,0,0,42,0,43,0,126,2,0,4,0,19,0,19,50,0,103,0,2,1,0,2,0,0,78,0,0,0,0,0,0,4,66,0,0,15,0,2,0,0,0,0,0,0,0,0,7,13,0,0,11,0,0,0,0,4,0,41,0,1,2,0,0,0,1,8,94,20,1,29,34,0,0,1,0,0,0,0,0,12,0,26,0,0,0,0,2,0,3,0,0,5,0,0,59,0,19,35,0,81,2,2,1,2634,0,0,14,0,0,0
"rgn.1.5",12,0,0,3,0,0,2,0,9,21,0,0,0,6,2,3,0,38,4,25,3,67,0,0,6,2,32,8,29,6,0,31,2,17,7,129,19,9,22,0,0,40,42,2,0,0,0,36,2,43,0,84,0,4,7,0,62,1,37,257,0,24,2,0,0,0,27,2,0,16,141,2,0,0,5,0,0,5,0,0,8,0,0,0,2,0,10,0,0,0,0,7,3,0,0,0,0,2,0,0,2,0,65,0,0,2,0,0,1,0,0,8,19,3,0,390,0,0,2,0,0,0,0,2,38,0,57,0,0,0,0,10,0,0,0,0,15,3,0,79,3,224,7,1,13,0,0,0,1595,0,0,6,0,0,0
"rgn.1.6",2,0,0,4,0,0,2,9,18,10,2,0,15,6,3,8,0,10,0,161,0,82,0,3,3,0,3,6,71,68,0,65,15,85,0,122,0,31,32,0,0,114,6,0,6,2,3,47,0,50,0,0,0,16,0,0,1,2,14,218,0,56,0,2,0,0,193,0,0,6,2,11,0,0,3,0,0,0,0,0,6,0,0,0,0,0,0,136,0,0,0,152,11,5,0,61,0,0,0,0,5,5,24,0,0,4,0,0,0,2,8,8,1,7,7,689,0,0,7,3,0,0,0,0,424,0,74,2,0,0,0,0,0,0,0,0,7,0,0,248,1,50,3,1,2,0,0,0,321,88,0,19,2,0,0
"rgn.1.7",8,1,0,3,0,0,4,0,0,32,0,0,3,27,0,11,1,56,0,5,3,184,0,0,12,2,30,14,66,22,0,16,4,19,5,232,9,15,4,0,0,248,3,0,0,0,0,19,0,43,0,0,0,0,0,0,6,0,46,325,3,121,0,0,0,0,91,1,0,8,5,2,0,0,3,0,0,0,0,3,7,0,2,0,0,3,0,3,0,0,0,22,14,1,0,72,0,0,0,1,0,0,20,0,2,18,0,0,2,0,2,28,1,0,4,313,0,0,14,3,0,0,0,0,823,0,115,0,0,19,0,3,1,0,0,2,10,0,0,12,7,0,0,0,0,0,0,0,497,262,0,3,0,0,0
"rgn.1.8",0,0,0,0,0,0,0,4,0,334,0,0,0,2,0,51,0,10,0,16,0,70,0,0,7,0,5,0,0,28,0,6,0,46,3,35,5,11,0,0,0,4,18,0,0,0,2,90,4,40,0,0,0,0,0,0,2,0,224,54,0,300,0,0,0,0,7,0,0,26,4,11,0,0,2,0,5,0,0,0,14,0,0,0,0,0,19,19,0,0,0,0,12,0,0,417,0,20,0,0,5,0,1,0,0,0,0,0,0,1,61,262,0,2,65,1060,0,0,11,0,0,0,0,0,18,1,59,9,0,0,0,0,0,0,0,0,2,0,0,164,0,0,2,0,34,2,0,0,242,0,53,20,0,0,0
"rgn.2.1",88,0,0,15,0,0,47,0,5,26,3,0,3,3,4,21,0,88,0,5,8,216,0,0,7,0,0,7,35,11,0,63,5,60,0,160,1,21,6,0,0,47,39,2,5,0,3,72,41,99,0,0,0,0,0,0,88,0,77,269,1,76,0,39,0,0,49,0,0,41,0,6,0,0,8,0,3,0,0,1,7,0,0,0,6,5,0,73,0,0,0,19,19,0,0,18,0,7,0,1,13,0,680,0,6,3,0,2,1,21,14,52,39,16,24,88,0,0,0,13,0,0,0,1,20,1,358,1,0,0,0,2,0,0,0,2,33,1,0,91,1,4,0,0,22,1,2,8,420,4,3,9,2,0,0
"rgn.2.10",13,0,0,0,0,3,2,2,18,25,0,0,8,18,0,24,0,158,16,0,1,379,0,0,16,0,0,11,16,0,0,39,0,46,0,326,6,4,77,1,0,147,10,0,3,0,0,64,3,53,0,0,0,0,0,0,20,4,54,344,0,54,0,0,0,0,46,0,0,19,3,0,0,0,11,0,2,0,0,5,14,0,0,0,2,3,0,37,0,0,0,104,30,1,4,9,0,0,0,0,5,0,82,0,5,37,0,1,0,1,4,49,3,0,25,572,0,0,3,0,0,0,0,6,330,0,244,2,0,41,0,0,0,0,0,2,26,2,0,49,3,0,0,0,1,0,2,2,234,0,8,3,0,0,0
"rgn.2.12",7,0,0,16,0,0,7,2,2,1,9,0,2,9,0,12,0,5,1,92,0,183,0,0,10,0,2,17,4,12,0,23,0,169,0,116,1,43,5,0,0,93,4,0,3,0,6,42,2,86,0,0,14,0,0,0,18,0,59,856,0,12,0,10,0,0,243,0,0,10,2,0,0,0,4,0,2,0,0,0,36,0,0,0,0,1,0,25,0,0,0,15,1,1,2,5,0,0,0,0,9,0,96,0,2,10,0,0,0,8,14,8,26,0,8,429,0,0,8,3,0,0,0,1,341,0,114,0,0,0,0,0,0,0,0,0,9,0,0,46,11,162,14,0,20,0,0,7,218,0,7,3,6,0,0
"rgn.2.13",30,0,0,3,0,1,2,0,4,2,2,0,1,1,1,20,4,47,6,91,4,69,0,0,2,2,3,32,5,10,0,76,9,122,0,129,2,39,101,0,0,25,4,1,0,0,13,73,8,86,0,2,0,28,0,0,556,12,140,143,0,6,2,0,1,0,169,2,0,33,3,1,0,0,6,1,1,2,0,0,6,0,0,0,2,4,0,0,0,0,0,7,31,6,0,74,0,2,0,0,68,0,192,0,9,12,0,4,2,0,3,7,1,0,55,240,0,0,3,6,0,0,0,0,4,0,107,28,0,0,0,3,0,2,0,0,59,0,0,1,1,324,2,0,51,0,2,4,475,12,8,1,7,0,0
"rgn.2.14",0,0,2,0,0,2,0,0,1,159,0,0,0,3,0,124,0,116,0,0,3,47,8,0,8,0,2,7,74,2,0,73,0,2,4,190,0,31,20,3,0,4,245,0,0,0,1,37,14,19,0,0,0,4,0,0,70,0,210,63,29,16,0,10,2,9,11,0,0,20,20,29,0,0,0,0,0,0,0,0,3,0,0,0,0,0,0,0,0,0,1,0,67,12,0,239,0,9,0,0,4,0,4,0,0,0,0,0,0,15,43,142,9,15,454,250,0,0,4,0,0,2,0,0,16,0,11,88,0,0,0,0,163,0,0,0,0,0,0,271,0,2,4,5,27,0,9,0,352,0,19,2,0,0,0
"rgn.2.15",5,0,0,29,0,0,38,5,0,206,0,0,2,6,0,3,0,154,75,0,8,99,8,0,20,10,9,6,127,0,0,95,7,5,3,103,4,3,31,1,0,84,98,1,0,0,0,62,20,27,6,0,3,0,0,2,23,6,15,115,0,451,0,337,3,0,42,0,0,47,44,5,0,0,0,0,0,0,0,1,9,0,0,0,2,4,4,0,0,0,0,1,0,0,0,0,0,9,0,9,0,0,49,0,2,30,0,0,0,7,0,131,180,4,8,308,0,0,0,2,0,0,0,0,90,2,275,0,0,0,0,0,0,0,0,0,10,0,0,4,1,0,0,0,51,0,2,0,304,16,5,4,0,0,11
"rgn.2.18",0,0,0,0,0,0,0,24,30,23,0,0,0,11,0,0,0,1703,0,14,3,25,0,0,3,0,0,0,0,0,0,0,0,8,220,179,12,0,3,0,0,27,6,1,0,0,3,4,1,50,0,9,0,2,1,0,43,1,0,118,0,73,7,1,0,0,31,0,0,0,5,0,0,0,29,1,0,0,0,0,4,0,9,0,0,0,517,0,0,0,0,0,0,0,0,0,0,0,1,0,0,0,2,0,0,37,0,0,0,0,0,30,7,34,0,16,0,0,9,0,0,0,0,0,246,0,10,0,0,0,0,0,0,0,0,0,1,0,0,6,0,0,35,0,0,0,0,0,352,0,0,10,0,0,0
"rgn.2.19",0,0,0,1,0,0,0,0,0,0,2,0,0,1,0,0,0,35,1,0,0,31,0,0,1,0,1,2,9,0,0,1,0,26,4,46,1,10,1,0,0,22,2,0,0,0,0,10,1,4,0,0,0,0,0,0,40,0,1,59,0,2,0,2,0,0,7,0,0,1,1,6,0,0,0,0,0,0,0,0,3439,0,0,0,2,0,0,0,0,0,0,1,0,0,0,1,0,0,0,0,0,0,1,0,0,1,1,0,0,0,0,0,2,1,1,67,0,0,2,0,0,0,0,0,83,0,18,1,0,0,0,0,0,0,0,0,0,0,0,6,0,0,1,0,3,0,0,0,23,0,0,9,0,0,1
"rgn.2.2",2,0,0,16,0,0,18,0,0,63,0,0,0,0,0,27,0,237,2,129,4,101,2,0,9,7,0,0,18,16,0,92,36,14,4,82,3,0,9,0,0,17,17,0,0,0,0,177,2,42,0,1,4,0,0,0,49,0,77,145,0,91,0,0,0,0,123,0,0,55,6,2,0,0,0,0,0,2,0,0,21,0,0,0,0,0,15,50,0,0,0,35,12,0,22,54,0,25,0,1,2,0,15,0,0,5,0,0,3,0,0,85,0,0,168,1118,1,0,5,2,0,0,0,0,159,0,17,2,0,3,0,3,0,0,0,0,3,2,0,8,1,221,7,0,37,1,0,3,180,0,0,4,2,5,0
"rgn.2.5",0,0,0,50,0,0,0,0,12,82,0,0,0,0,0,60,13,16,32,13,0,44,0,0,1,0,0,0,204,4,0,3,3,2,0,29,3,2,0,0,0,13,81,2,0,3,0,131,32,1,0,0,0,0,0,0,0,0,78,16,32,15,0,135,18,5,48,0,0,95,35,0,0,0,2,0,7,0,0,1,4,0,0,0,2,0,6,2,0,0,0,0,72,5,79,98,0,0,0,4,0,0,30,0,0,2,0,1,0,98,18,270,188,17,253,368,0,0,0,0,0,27,0,0,14,0,30,54,0,4,0,0,108,2,0,0,2,0,0,10,4,51,7,0,219,2,3,0,547,0,15,0,0,0,0
"rgn.2.6",10,0,0,2,0,0,0,18,92,155,2,0,2,7,2,51,0,8,53,0,0,97,2,4,14,0,20,19,397,49,0,31,0,65,3,82,10,3,48,2,0,57,92,2,3,0,4,18,5,51,0,0,0,52,0,0,11,3,85,141,3,359,0,0,0,0,67,0,0,35,1,2,0,0,5,12,2,1,0,0,10,0,0,0,2,1,0,28,0,0,0,1,51,29,0,30,0,7,0,0,7,11,160,0,2,15,9,1,0,1,9,138,1,82,43,243,1,0,2,3,0,0,0,5,107,0,126,0,0,6,0,30,0,28,0,2,16,14,0,5,0,2,9,0,53,0,7,3,371,0,0,2,0,0,0
"rgn.2.7",1,0,1,3,0,0,0,3,2,4,0,0,0,2,0,1,2,10,0,0,0,20,0,0,5,0,19,1,32,10,7,15,3,16,0,31,2,4,3,0,0,16,1,10,0,0,1,13,0,16,0,141,0,2,8,4,43,1,0,76,0,4,0,71,2,3,16,0,0,0,32,37,0,0,2,0,0,7,0,0,1,0,0,0,0,0,0,0,0,0,0,6,0,1,0,0,0,0,0,0,1,0,6,0,0,0,0,0,0,17,0,2,6,19,0,99,0,0,2,0,0,0,0,0,36,0,31,0,0,0,0,0,0,1,0,0,4,0,0,85,0,0,0,0,0,0,0,3,2862,3,0,111,0,0,0
"rgn.2.8",1,0,0,6,1,0,0,0,9,13,0,0,0,0,0,2,3,3,6,12,0,33,0,8,6,0,6,0,63,6,0,18,0,26,0,30,2,23,14,3,0,12,8,0,0,2,3,31,0,21,0,124,0,15,6,0,23,0,12,154,10,26,0,127,0,6,23,0,0,0,62,127,0,0,3,0,3,4,0,1,3,0,0,0,0,4,0,6,0,0,0,28,0,0,0,0,0,0,8,0,0,0,4,0,2,2,17,1,0,49,6,9,30,3,2,318,0,0,1,1,0,0,0,0,46,0,73,4,0,0,0,0,30,6,0,0,3,1,0,485,0,60,2,0,0,0,0,3,1669,9,0,3,2,0,0
"rgn.2.9",1,0,0,11,0,0,28,0,14,529,0,0,8,12,0,4,0,428,1,0,0,41,0,2,3,0,0,2,0,6,0,4,0,16,0,213,5,2,4,0,0,55,50,1,0,0,0,43,24,58,0,0,0,0,0,0,106,0,3,140,0,586,0,0,0,0,25,0,0,2,0,2,0,0,0,0,0,0,0,0,5,0,0,0,2,4,0,0,0,0,0,0,9,0,0,51,0,11,0,7,0,0,55,0,1,2,0,0,0,0,1,171,1,0,23,62,0,0,4,4,0,0,0,0,102,0,59,0,0,0,0,0,0,0,0,0,7,2,0,631,3,0,19,0,5,0,0,0,275,0,0,49,0,0,0
"rgn.3.1",0,0,1,1,0,0,4,0,0,23,2,0,0,9,0,4,3,68,0,110,0,35,0,0,2,0,9,2,195,1,0,1,4,1,3,31,2,1,1,0,0,6,12,1,3,0,0,22,4,22,0,129,0,3,3,0,26,0,7,81,0,39,0,13,7,0,22,0,0,7,4,2,0,0,0,0,3,16,0,0,17,0,0,0,0,1,0,4,0,0,0,0,3,0,8,0,0,0,0,0,0,0,11,1,0,6,0,0,0,3,12,25,12,0,26,343,3,0,2,0,0,0,0,0,72,0,15,0,0,0,0,0,156,2,0,0,0,0,0,116,1,0,3,0,12,1,0,0,2186,0,0,2,0,0,0
"rgn.3.10",0,1,0,6,0,0,2,0,22,18,3,0,2,1,0,9,4,72,40,0,0,79,0,0,17,0,0,3,31,0,24,6,2,17,25,164,9,4,10,1,0,78,2,1,0,0,5,29,2,53,1,120,0,0,4,0,70,0,14,132,7,74,0,68,3,1,61,0,0,50,2,18,0,0,15,0,2,9,2,0,0,0,2,0,0,0,0,0,0,0,0,1,3,0,7,0,0,0,0,5,0,0,8,2,0,0,4,14,0,16,6,32,43,27,41,183,0,0,1,1,0,0,0,3,145,0,69,1,2,0,0,3,18,4,0,2,3,0,0,100,0,1,14,0,76,0,2,1,1722,1,2,31,0,0,0
"rgn.3.11",2,0,2,0,0,0,0,2,25,1,0,0,6,39,0,2,0,20,0,437,0,146,12,3,15,0,16,4,16,97,0,4,0,30,0,140,0,2,9,1,0,75,37,0,3,0,4,70,2,62,0,0,9,0,0,0,104,1,27,598,0,6,0,0,2,0,52,0,0,2,2,2,0,0,0,0,2,2,0,0,11,0,0,0,0,1,27,2,0,0,0,61,0,0,0,2,0,0,0,0,19,2,18,0,2,0,21,0,0,0,4,3,0,9,3,841,0,0,18,8,0,0,0,0,380,6,170,0,0,1,0,0,0,1,0,0,9,1,0,6,1,100,3,0,4,0,0,2,154,6,0,0,8,0,0
"rgn.3.12",0,0,0,1,0,0,0,3,0,55,0,0,1,41,0,3,0,594,0,511,0,123,0,0,26,0,0,0,0,0,0,1,0,12,13,159,0,7,0,0,2,32,156,0,0,0,0,38,19,97,3,2,0,0,1,0,58,0,3,153,0,273,0,0,0,0,99,0,0,0,0,13,0,0,0,1,0,20,0,0,38,0,0,0,4,0,0,129,0,0,0,0,0,0,0,0,5,2,0,0,5,0,2,0,0,0,0,0,0,0,0,28,35,0,2,54,1,0,8,0,0,0,0,0,389,0,263,0,0,0,0,0,0,0,0,0,0,26,0,26,0,0,0,0,0,0,0,1,434,0,1,18,0,0,0
"rgn.3.13",0,0,0,4,0,0,0,5,20,11,0,0,0,3,4,23,0,27,16,444,3,69,0,0,2,4,4,7,44,31,0,6,2,14,0,77,7,4,18,0,0,52,18,0,3,0,4,48,0,73,0,2,0,3,0,0,5,0,34,126,19,52,0,26,0,0,33,0,0,9,5,0,0,0,2,0,0,0,0,0,344,2,0,0,0,0,1,238,0,0,0,122,6,3,0,3,0,0,0,1,4,5,53,0,0,0,0,0,0,23,9,44,26,4,23,1012,0,0,2,2,0,0,0,0,117,0,25,2,0,1,0,5,2,1,0,0,7,0,0,95,1,95,3,0,10,0,0,5,305,0,0,1,0,2,0
"rgn.3.14",0,0,0,0,0,0,0,5,6,25,0,0,0,28,0,5,0,51,0,3,0,126,7,2,5,0,9,2,19,19,0,7,0,29,0,220,4,11,19,0,0,50,15,4,0,0,0,8,3,37,0,0,0,3,0,0,3,0,38,277,0,32,0,7,0,0,42,0,0,28,5,3,0,0,0,0,0,0,0,0,8,0,0,0,2,3,0,2,0,0,0,0,3,0,0,3,2,7,0,0,0,2,21,0,0,0,45,0,0,0,19,30,16,133,11,1594,0,0,0,0,0,0,0,0,120,0,108,0,0,0,0,0,0,0,0,0,2,1,0,191,0,37,6,0,53,1,0,0,403,15,0,0,0,0,0
"rgn.3.15",0,0,0,8,0,0,0,0,2,13,6,0,2,3,2,5,1,3,4,112,0,106,0,0,9,2,4,12,0,6,0,50,12,47,0,172,4,23,7,0,0,98,14,2,0,8,0,41,7,141,0,0,0,5,0,0,2,0,54,546,2,160,0,15,31,0,259,0,0,31,21,7,0,0,2,0,7,0,0,0,8,0,0,0,0,2,0,2,0,0,0,1,0,0,2,0,0,0,8,0,19,0,36,0,3,2,9,0,0,13,2,45,69,0,10,992,0,0,4,0,0,0,0,0,261,0,95,0,0,0,0,7,0,5,0,0,3,2,0,15,12,0,2,0,64,0,0,29,192,0,0,7,0,0,0
"rgn.3.16",0,0,0,0,0,2,5,3,3,229,0,0,0,35,0,18,0,244,0,398,2,134,0,2,13,0,0,2,22,0,0,33,2,17,3,123,1,10,30,0,0,84,176,0,0,0,9,90,7,32,0,0,0,3,0,2,89,0,21,132,12,209,0,89,2,0,34,0,0,24,13,0,0,0,16,0,2,0,0,0,72,0,0,0,4,0,0,2,0,0,0,0,3,2,15,2,0,2,0,0,37,0,38,0,0,24,0,0,0,60,14,92,158,0,42,412,1,0,0,7,0,0,0,3,72,1,155,0,0,0,0,0,0,0,0,2,13,20,0,28,0,0,5,0,19,0,0,8,301,0,0,1,0,0,0
"rgn.3.17",0,0,0,3,0,0,0,11,65,322,11,8,0,32,0,12,5,0,2,354,4,113,0,0,7,0,4,4,61,151,0,7,0,10,0,60,4,42,93,0,0,55,362,4,0,0,0,57,9,48,0,0,0,4,0,0,7,0,20,64,8,356,0,71,3,3,97,0,0,22,40,0,0,0,0,0,2,0,0,0,6,0,0,0,0,3,0,203,0,0,0,19,4,0,8,10,0,0,0,0,33,3,23,0,2,0,21,0,0,31,10,138,54,2,42,233,0,0,0,0,0,0,0,0,41,0,88,5,0,1,0,6,41,2,0,0,7,2,0,70,4,21,4,2,41,0,0,0,187,0,0,5,0,0,0
"rgn.3.18",2,0,0,0,0,0,58,0,1,29,0,0,0,1,0,4,1,1794,0,46,10,87,0,0,13,0,0,1,0,1,0,14,6,9,29,261,5,1,0,0,0,20,9,0,0,0,0,45,2,35,5,3,0,0,0,0,116,0,11,441,0,126,3,0,1,0,33,0,0,0,1,19,0,0,0,1,0,6,0,0,2,0,0,0,0,0,0,0,0,0,0,0,13,2,0,2,0,0,0,1,0,0,44,0,0,10,0,0,0,1,0,67,1,2,38,184,0,0,1,0,1,1,0,1,39,1,90,1,0,0,0,0,0,0,0,0,0,1,0,55,3,0,0,0,0,0,0,0,93,0,2,91,0,2,0
"rgn.3.2",8,0,0,11,0,0,5,0,0,49,3,0,0,3,2,32,0,70,0,0,1,30,0,0,8,2,0,0,1163,0,0,17,4,2,6,60,17,2,5,0,0,13,4,4,0,2,7,172,6,3,0,1,0,0,0,0,35,4,40,59,12,73,0,108,6,0,2,0,0,75,30,0,0,0,0,0,0,0,0,0,10,0,0,0,6,0,18,2,0,0,0,1,33,1,0,22,0,5,2,4,0,0,111,0,0,18,0,0,0,11,32,106,44,84,167,446,0,0,0,1,0,0,0,0,33,0,58,0,0,0,0,0,112,0,0,0,6,0,0,8,0,0,0,0,148,0,0,0,318,3,14,0,0,0,0
"rgn.3.3",8,0,0,15,0,0,0,7,51,38,0,0,9,4,0,6,14,110,3,28,2,95,0,0,0,2,7,0,50,42,0,1,4,14,0,150,7,4,62,0,0,76,16,0,0,0,5,141,0,70,0,0,0,0,0,0,45,0,32,381,14,89,2,514,0,4,20,0,0,8,2,2,0,0,3,3,2,0,0,0,31,4,0,0,2,0,0,0,0,0,1,30,0,2,0,4,0,0,0,0,17,0,100,0,3,0,0,0,0,153,12,48,254,4,19,330,0,0,3,4,0,0,0,0,179,0,72,0,0,7,0,25,0,12,0,0,8,0,0,172,3,9,25,0,10,0,0,0,273,0,5,8,2,0,0
"rgn.3.4",2,0,7,0,0,0,0,0,0,75,0,0,5,10,0,1,0,37,0,0,0,95,31,0,6,0,0,3,21,81,0,21,8,22,0,94,0,7,7,0,0,112,910,0,4,0,2,59,18,152,0,1,0,0,0,0,17,0,13,206,2,673,0,0,0,0,33,0,0,7,0,0,0,0,4,0,5,0,0,0,60,0,3,0,17,0,0,0,0,0,0,26,2,0,0,13,0,21,0,2,2,0,12,0,0,0,0,0,0,0,4,188,3,0,0,59,2,0,5,0,0,6,0,0,140,12,333,2,0,0,0,20,0,0,0,0,4,2,0,4,3,0,8,0,16,0,0,2,154,0,0,0,0,0,100
"rgn.3.7",1,0,3,0,0,0,92,0,7,0,0,0,4,20,0,0,0,589,32,0,5,158,0,0,29,7,0,0,0,0,0,11,8,5,33,329,31,15,0,0,0,211,3,0,2,0,8,52,0,111,2,1,19,0,1,0,302,0,6,264,0,2,0,3,0,1,230,0,0,0,31,49,0,0,2,0,0,0,0,0,2,0,0,0,36,0,0,0,0,0,0,0,0,0,0,0,0,0,0,5,0,0,62,1,0,1,15,0,19,0,0,0,47,0,0,123,0,0,13,2,0,0,0,3,432,1,295,0,0,0,0,0,0,0,0,2,26,2,0,87,4,0,0,0,0,0,0,0,131,0,0,4,0,0,0
"rgn.3.8",0,0,4,0,0,0,0,0,0,53,0,0,0,122,0,4,0,39,0,0,0,303,0,0,15,0,0,0,174,0,0,0,0,47,56,98,3,10,0,0,0,49,4,1,0,0,0,927,0,65,0,0,0,7,0,0,11,0,5,151,1,79,2,1,7,0,123,0,0,38,6,3,0,0,0,0,0,0,0,0,28,9,2,0,0,0,0,3,0,0,0,0,107,0,0,53,0,0,0,0,0,0,3,0,2,0,0,2,6,1,55,79,31,0,12,284,0,0,21,0,0,0,0,0,575,1,48,0,0,0,0,0,0,0,0,0,0,0,0,59,0,0,0,0,59,1,0,13,108,0,11,2,0,2,0
"rgn.3.9",0,0,0,0,0,0,0,10,25,137,2,0,4,11,0,23,0,14,0,13,3,120,0,0,9,0,26,4,147,94,0,18,11,155,7,202,5,158,37,0,0,155,48,0,0,0,1,55,2,89,0,0,0,3,0,0,11,0,43,394,0,152,0,14,0,0,47,0,0,3,11,0,0,0,3,0,0,0,0,0,22,0,0,0,0,0,4,0,0,0,0,43,43,0,0,14,0,0,0,1,0,0,25,0,0,2,0,0,0,0,5,188,6,25,14,379,0,0,4,0,0,0,0,0,150,0,190,0,0,0,0,19,0,1,0,0,3,1,0,7,3,122,6,0,14,0,0,8,421,0,0,2,0,0,0
"rgn.4.10",2,0,5,2,0,0,0,0,22,62,5,0,0,7,0,7,0,24,0,6,0,89,0,23,9,0,18,0,8,39,0,13,3,67,0,105,0,344,31,0,0,48,28,0,0,0,4,90,0,329,0,0,0,4,0,2,2,0,45,202,4,204,0,133,0,0,43,0,0,23,55,28,0,0,0,0,4,0,0,0,13,0,0,0,0,2,0,0,0,0,0,43,7,0,0,2,0,0,0,0,14,0,12,0,0,0,4,0,0,23,6,135,182,2,1,468,1,0,11,6,0,0,0,0,343,1,34,0,0,0,0,6,0,0,0,0,2,1,0,11,0,107,2,0,28,0,0,0,301,7,0,23,0,0,0
"rgn.4.11",2,0,0,0,0,0,7,2,31,4,0,0,0,25,0,5,0,106,0,179,1,309,0,0,11,0,8,24,1,9,0,84,20,31,8,269,9,20,10,0,0,117,11,0,12,0,0,97,1,98,0,0,0,3,0,0,82,0,51,529,0,38,0,0,0,2,179,0,0,2,5,15,0,0,1,0,0,0,0,18,14,0,0,0,7,1,0,0,0,0,0,97,1,0,0,0,0,0,0,1,3,0,142,0,0,29,2,0,0,0,2,6,8,0,1,420,1,0,7,1,0,0,0,0,283,0,128,0,0,0,0,0,0,0,0,0,12,2,0,59,21,0,10,0,0,0,0,11,275,18,0,0,0,0,0
"rgn.4.12",0,0,3,0,0,0,0,0,0,8,0,0,0,0,0,0,0,2,0,1,0,0,0,0,0,0,0,0,0,0,0,0,0,0,0,1,0,0,0,0,0,0,1,1,0,0,0,1,0,0,0,0,12,0,0,0,3751,0,0,0,0,34,0,1,1,0,0,0,0,0,27,1,0,0,0,0,0,0,0,0,2,0,0,0,0,0,0,0,0,0,0,0,0,0,0,0,0,0,0,0,1,0,0,0,0,0,0,0,0,0,0,3,10,0,0,1,3,0,0,0,0,0,0,0,1,0,0,0,0,0,0,0,0,0,0,0,0,1,0,100,0,0,1,0,0,0,0,0,2,0,0,2,0,0,0
"rgn.4.13",0,0,0,2,0,0,0,7,24,86,2,0,0,19,0,4,0,12,0,138,0,26,0,0,11,0,3,2,0,44,0,0,0,3,0,91,3,0,13,0,0,25,25,0,0,0,0,96,0,34,0,0,0,19,0,0,0,0,1,399,0,247,0,1,3,0,21,0,0,0,0,25,0,0,0,0,0,0,0,0,2,0,0,0,0,3,271,0,0,0,0,0,0,0,0,2,0,3,0,0,0,0,2,0,0,0,0,0,0,0,0,14,222,17,0,1591,0,0,0,0,0,0,0,0,68,1,41,0,0,0,0,3,0,3,0,0,0,3,0,42,2,0,55,0,0,0,0,0,253,0,0,12,0,0,0
"rgn.4.14",0,0,0,1,0,0,22,9,0,0,0,0,0,26,0,16,0,764,0,31,0,198,0,0,4,0,0,0,5,14,0,1,0,0,9,226,17,1,2,0,0,61,5,1,0,0,0,8,1,75,0,0,0,0,0,0,674,0,17,107,0,151,0,0,0,0,1,0,0,0,0,1,0,0,1,1,0,0,0,0,3,0,0,0,0,3,0,0,0,0,0,0,0,2,0,334,0,0,0,0,0,0,10,1,0,5,19,0,0,0,1,4,2,10,3,255,0,0,26,0,0,0,0,0,756,0,18,2,0,0,0,0,1,0,0,0,1,0,0,3,0,0,0,0,0,0,0,0,86,0,0,0,0,0,0
"rgn.4.15",0,0,0,2,0,0,0,0,1,132,0,0,0,0,0,4,1,0,2,123,0,17,0,0,1,0,0,0,4,0,0,0,0,0,0,0,1,0,4,0,0,1,317,0,0,0,0,59,3,0,0,18,0,0,0,0,165,0,1,46,0,236,0,0,0,30,12,0,0,0,0,17,0,0,0,0,0,119,1,0,284,0,0,0,0,0,0,0,0,0,0,0,0,0,0,0,0,7,0,0,0,0,0,0,0,0,2,0,0,0,0,108,4,0,0,1085,6,0,0,0,0,0,0,0,2,7,2,0,0,0,0,0,0,0,0,0,0,65,0,689,0,0,34,0,1,0,0,0,354,0,8,6,0,0,0
"rgn.4.16",2,0,0,0,0,0,3,0,0,16,0,0,39,51,0,3,1,435,0,32,0,285,0,0,22,0,0,4,10,0,0,10,5,112,46,309,8,88,0,0,0,146,3,1,0,0,0,3,5,100,2,0,2,0,0,1,3,1,22,494,0,26,0,0,0,0,189,0,0,7,0,0,0,0,0,0,1,0,0,0,306,0,1,0,5,2,0,2,0,0,0,0,0,1,0,14,0,1,0,1,0,0,8,0,0,20,0,1,0,0,2,21,0,6,8,1,0,0,10,3,0,0,0,0,574,0,378,0,0,0,0,0,0,0,0,0,1,0,0,47,1,0,0,0,13,0,1,2,73,0,8,0,0,1,0
"rgn.4.17",0,0,0,0,1,0,17,0,7,9,0,0,0,12,0,5,1,234,4,0,5,237,0,0,33,13,4,16,1,1,0,37,2,13,11,164,14,10,8,1,0,67,34,4,0,0,1,3,2,57,0,21,0,0,0,0,40,0,5,323,0,64,4,32,8,1,229,0,0,0,7,16,0,0,2,2,2,0,0,0,8,0,0,0,0,1,0,0,0,0,0,2,0,0,0,3,4,7,4,8,2,0,15,0,0,0,2,0,0,10,0,32,10,77,5,812,1,0,5,0,0,2,0,0,225,0,65,5,0,0,0,3,24,0,0,0,5,0,0,12,4,11,20,0,0,0,0,0,773,31,0,19,2,0,0
"rgn.4.18",4,0,0,2,0,0,0,6,23,105,0,0,0,6,0,25,0,110,2,522,18,73,10,0,5,7,5,12,182,42,0,5,2,10,0,42,15,6,12,10,0,11,82,0,0,0,2,49,0,36,0,0,0,8,0,0,115,0,52,62,0,116,0,69,0,2,31,0,0,7,22,5,0,0,2,0,0,0,0,0,57,0,2,0,0,0,0,60,0,0,1,71,39,0,0,4,0,8,0,0,6,0,156,0,2,4,0,1,0,15,10,79,31,2,35,527,0,0,2,0,0,0,0,0,27,7,22,0,0,0,0,0,0,0,2,0,9,0,0,25,0,10,5,0,14,0,2,0,650,1,0,4,0,0,6
"rgn.4.19",3,0,0,2,0,8,3,0,3,63,2,0,0,0,3,74,0,90,2,0,5,12,16,0,1,2,0,2,479,8,0,13,0,36,0,37,0,41,2,0,0,21,195,9,0,0,5,35,14,13,0,2,0,0,0,0,137,0,144,24,10,99,0,0,0,3,9,1,0,185,2,3,0,0,5,0,2,2,0,0,7,0,0,0,0,2,0,0,0,0,0,3,41,11,9,126,0,15,0,1,6,0,160,0,2,5,0,1,0,1,30,118,4,0,129,167,0,0,5,0,0,3,0,0,53,2,60,93,0,0,0,0,0,0,0,0,55,0,0,12,0,21,0,0,389,0,0,9,530,4,58,16,0,0,3
"rgn.4.2",1,11,0,49,0,0,0,8,0,48,1,0,2,3,0,14,0,54,16,50,39,55,9,0,0,2,10,0,47,35,0,4,4,23,3,147,0,0,27,0,0,38,22,0,3,2,0,70,2,56,1,41,14,27,0,2,128,0,10,89,0,97,2,29,0,0,7,0,0,0,14,181,0,0,2,1,4,0,0,0,39,0,0,0,0,3,0,128,0,0,1,39,0,0,0,0,0,0,0,0,0,0,89,0,2,4,0,0,0,105,0,69,40,0,4,393,0,0,0,1,0,0,0,0,113,0,57,0,0,0,0,0,0,0,0,0,4,0,0,789,0,0,49,12,0,0,0,1,498,0,0,7,2,0,0
"rgn.4.3",1,0,0,7,0,7,0,2,2,13,10,0,0,2,0,11,0,222,39,146,1,46,0,0,3,2,6,8,252,10,0,61,0,49,3,124,4,5,9,1,4,60,6,0,0,2,8,48,2,41,0,0,0,3,0,0,79,0,56,151,4,34,0,227,0,0,50,1,0,11,30,2,0,0,4,0,0,0,0,0,9,0,0,0,2,3,0,93,0,0,0,9,0,0,0,0,3,0,0,0,5,0,213,0,0,36,9,0,0,39,4,38,67,14,82,539,0,0,4,3,0,0,0,0,172,0,153,0,0,0,0,7,1,0,0,0,20,0,0,145,0,125,4,0,10,0,0,3,293,3,0,2,4,4,0
"rgn.4.4",5,0,0,20,0,0,4,2,15,4,0,0,0,9,0,34,1,54,0,0,11,183,0,6,4,2,2,21,7,66,28,28,4,9,17,215,12,11,26,0,0,57,9,4,0,0,3,17,0,86,0,78,0,4,5,0,5,0,55,236,0,5,0,19,2,0,86,0,0,50,0,3,0,0,0,0,0,3,2,2,12,0,0,0,2,4,0,0,0,0,0,9,10,10,10,0,0,2,0,1,10,0,150,5,2,4,0,7,0,13,4,21,14,59,37,336,0,0,3,6,0,0,0,0,75,0,149,0,1,0,0,3,0,0,0,0,32,0,0,32,1,90,16,0,100,0,2,0,1205,9,0,4,0,0,0
"rgn.4.5",0,0,0,4,0,0,16,7,0,105,0,0,0,37,0,4,0,298,0,20,16,250,2,0,6,0,16,9,15,0,0,2,5,14,5,322,29,0,49,1,0,40,2,0,0,0,0,6,9,36,0,1,3,3,0,0,17,1,19,296,0,165,0,71,0,2,263,0,0,0,4,0,0,0,0,0,0,0,0,0,43,1,0,0,0,0,97,6,0,0,1,0,0,2,0,0,0,4,0,5,0,0,49,0,1,24,0,0,2,4,0,81,0,152,0,137,0,0,6,0,0,1,0,0,481,0,376,0,0,0,0,0,0,1,0,2,3,3,0,87,9,0,0,0,3,0,0,0,223,9,11,0,0,6,0
"rgn.4.6",0,0,0,2,0,0,2,0,0,44,0,0,0,0,0,56,24,8,0,6,21,2,0,29,0,0,8,0,282,0,0,2,0,2,0,7,1,1,12,0,0,2,0,0,0,0,0,137,10,12,0,0,3,0,0,0,3,0,60,21,152,48,6,726,4,1,0,0,0,0,97,2,0,0,0,0,0,0,0,0,10,0,0,0,0,0,0,3,0,0,0,0,51,0,38,0,0,0,0,1,0,0,3,0,0,11,0,0,0,365,2,103,423,0,594,267,0,0,0,0,0,23,0,0,3,0,4,2,0,0,0,3,67,0,0,0,0,0,0,2,0,0,6,0,2,0,2,0,216,0,0,5,0,0,0
"rgn.4.7",0,0,0,4,0,0,0,0,5,144,0,0,2,1,0,182,2,6,4,0,0,23,51,0,0,0,0,2,244,0,0,4,0,1,3,5,0,46,0,0,0,8,221,12,0,0,0,61,11,8,0,0,0,0,0,0,7,0,296,4,0,43,0,0,2,0,3,0,0,194,1,0,0,0,2,0,6,0,0,0,6,0,0,0,0,0,0,0,0,0,0,1,60,5,0,514,0,0,0,0,0,0,2,0,0,0,0,0,0,0,7,228,0,0,211,23,1,0,7,0,0,3,0,0,3,0,18,123,0,0,0,0,0,0,2,0,0,0,0,2,0,0,4,0,406,1,6,0,563,0,155,2,0,0,18
"rgn.4.8",5,38,0,1,0,0,0,5,36,7,0,0,3,0,0,0,0,726,1,41,0,318,0,0,6,3,0,3,6,117,0,19,14,6,0,133,2,2,49,0,4,42,0,0,0,0,14,60,0,143,0,0,0,11,0,0,129,0,22,492,0,50,3,0,0,0,48,0,0,3,1,10,0,0,11,0,0,0,0,0,4,0,0,0,1,0,85,0,0,0,0,33,0,1,0,0,0,0,0,3,13,1,30,0,2,83,0,0,0,0,0,14,0,0,1,109,1,0,13,0,0,0,0,0,422,0,75,0,0,0,0,0,0,1,0,0,12,0,0,9,0,0,34,0,0,0,0,1,451,0,0,6,0,0,0
"rgn.5.1",17,0,0,0,0,0,0,3,28,71,4,0,3,14,5,11,0,14,7,32,0,182,0,3,26,0,4,16,77,33,0,124,15,31,0,162,19,21,33,0,0,32,25,0,21,9,11,4,4,47,0,1,0,18,0,0,30,0,201,287,0,119,0,0,0,0,123,0,0,27,1,0,0,0,4,0,1,0,0,0,9,0,0,0,5,5,0,0,0,0,0,24,16,3,9,9,0,13,0,0,4,14,308,0,0,81,0,1,0,0,3,51,0,227,16,172,3,0,1,9,1,0,12,20,16,0,156,2,0,0,0,6,0,9,0,3,104,0,0,1,4,65,0,0,19,0,0,1,574,11,0,0,6,0,0
"rgn.5.10",1,2,0,31,0,0,7,0,38,41,0,0,4,12,0,25,0,254,0,3,1,69,0,0,8,0,5,0,73,32,3,0,2,20,3,156,2,21,30,0,0,47,2,2,3,0,0,68,2,92,0,50,0,0,0,0,18,0,63,221,29,90,0,0,0,0,22,0,0,13,47,12,0,0,15,0,0,2,5,0,35,0,2,0,0,0,12,41,0,0,0,14,3,3,8,37,0,0,0,0,0,0,146,0,0,2,0,0,0,36,25,61,15,0,223,290,0,1,3,0,0,0,0,0,354,0,36,1,0,0,0,0,0,0,0,0,6,0,0,22,0,141,7,0,27,0,0,3,751,0,16,4,0,0,0
"rgn.5.13",16,0,0,8,0,0,15,0,8,12,0,0,1,5,0,4,0,590,13,85,15,108,0,0,2,2,0,8,164,0,0,33,2,24,10,132,15,36,7,1,0,46,9,0,0,4,10,65,2,47,0,1,3,0,0,0,157,0,49,197,12,13,0,193,19,3,33,0,0,16,28,9,0,0,17,0,5,0,0,0,13,0,0,0,2,7,0,15,0,0,0,14,8,1,0,4,2,2,5,4,12,0,92,0,4,25,0,0,0,76,7,28,63,0,82,239,0,0,5,4,0,0,0,1,304,0,62,0,0,0,0,3,96,1,0,0,14,1,0,22,2,82,11,1,31,0,0,18,294,0,0,8,2,0,0
"rgn.5.14",3,0,30,0,0,0,0,0,13,111,0,0,0,0,0,128,0,26,0,0,0,47,6,0,10,0,0,0,401,10,0,25,0,51,0,68,0,58,15,0,0,34,32,6,0,0,0,93,15,14,0,1,0,0,0,0,3,0,96,56,0,99,0,0,0,0,24,0,0,172,4,3,0,0,0,0,0,0,0,0,12,0,0,0,0,0,0,5,0,0,3,1,21,40,0,578,0,6,2,0,2,1,1,0,0,0,0,0,0,0,11,175,0,0,59,95,0,0,5,73,1,0,0,0,59,0,37,44,0,0,0,3,0,0,0,0,5,0,0,2,0,0,4,0,435,0,6,5,572,0,32,0,0,14,0
"rgn.5.15",1,0,0,0,0,0,0,2,11,34,0,0,0,7,0,51,4,15,35,0,0,21,38,0,0,0,0,0,436,1,0,2,0,26,4,30,0,7,37,0,0,13,173,3,0,0,18,73,10,2,0,0,0,4,0,0,3,0,152,47,53,71,0,2,0,0,5,0,0,121,2,2,0,0,0,0,0,0,0,1,5,0,0,0,0,0,1,3,0,0,9,5,215,24,0,209,0,13,0,0,0,0,10,0,0,5,0,0,0,0,29,100,3,12,328,474,5,0,1,38,0,39,0,0,11,3,35,16,0,0,0,0,0,0,0,0,0,8,0,2,0,9,10,0,241,0,4,6,550,0,0,0,0,0,9
"rgn.5.16",0,0,0,24,1,0,5,0,2,197,0,0,2,3,0,34,0,25,0,0,12,10,0,10,2,2,0,2,38,0,0,3,0,2,4,54,4,1,14,0,0,9,1,0,0,0,0,248,23,11,0,1,0,10,0,0,6,0,36,22,55,336,0,242,77,15,18,0,0,0,5,17,0,0,0,0,0,0,0,0,2,0,0,0,0,0,0,5,0,0,0,0,10,0,0,2,43,3,3,1,0,0,39,0,0,0,0,0,0,51,3,167,61,0,88,755,0,0,0,0,0,0,0,0,14,0,8,30,0,0,0,3,843,0,0,0,0,0,0,48,0,20,35,0,0,0,0,0,162,10,0,0,0,0,0
"rgn.5.17",9,0,0,66,3,0,2,0,0,114,0,0,0,1,0,19,5,87,0,0,8,16,0,4,1,0,0,7,118,0,0,2,4,1,0,30,21,8,8,0,0,7,6,3,0,0,4,42,0,11,3,0,0,0,0,0,3,0,32,26,0,34,0,687,0,18,8,0,0,64,62,2,0,0,2,0,6,0,0,0,2,0,0,0,2,0,0,0,0,0,0,0,19,0,0,0,50,0,0,0,0,0,94,0,0,10,0,0,0,149,9,35,149,127,898,320,0,0,0,0,0,2,0,0,8,0,19,0,0,0,0,0,204,0,0,0,12,0,0,19,1,0,0,0,133,1,0,0,154,0,0,4,0,0,0
"rgn.5.2",4,0,0,1,0,0,4,0,9,61,1,0,0,13,0,59,1,329,56,37,3,136,0,0,3,2,0,11,209,8,0,17,2,8,16,165,0,40,10,0,2,53,7,3,10,0,5,16,4,17,0,0,4,3,0,3,79,0,103,215,0,7,0,2,0,2,41,0,0,133,1,2,0,0,10,0,0,0,0,0,18,0,0,0,2,0,0,0,0,0,1,0,9,9,0,196,2,4,0,0,0,0,26,0,3,0,0,6,0,1,9,66,7,105,185,82,0,0,10,4,0,2,0,6,91,0,112,32,0,0,0,8,58,4,0,0,7,0,0,66,4,44,2,0,239,0,9,1,538,2,28,3,0,4,0
"rgn.5.3",6,0,6,7,0,0,0,2,0,27,0,0,0,5,0,4,84,60,5,7,2,13,0,8,6,0,11,0,2,0,0,24,0,23,25,126,1,5,29,0,0,18,72,0,0,0,3,37,0,16,0,0,0,0,0,2,4,0,8,30,0,360,0,428,107,7,17,1,0,4,46,3,0,0,0,0,2,0,0,0,9,0,0,0,0,5,0,0,0,0,5,0,0,1,12,0,11,0,0,2,0,0,13,0,0,5,0,0,1,110,7,21,138,228,3,451,0,0,0,0,10,0,0,3,61,0,72,2,0,0,0,0,620,7,0,0,12,69,0,199,0,135,0,0,0,0,0,2,112,3,0,0,3,0,0
"rgn.5.6",4,0,0,1,0,0,41,1,3,2,1,0,0,4,0,2,7,1029,37,9,4,104,1,0,4,0,2,10,6,2,0,32,13,28,15,346,6,35,3,1,0,85,9,0,0,0,1,15,2,37,0,0,0,2,0,1,265,4,17,545,1,17,1,10,0,1,69,0,0,9,2,0,0,0,7,0,0,0,0,1,7,0,1,0,3,3,0,4,0,0,0,0,12,1,2,17,0,2,0,8,0,0,55,0,1,10,0,0,4,2,0,12,1,12,6,104,0,0,5,2,0,1,0,1,344,1,155,4,0,0,0,0,41,2,0,2,8,1,0,26,4,0,11,0,6,0,0,1,222,5,2,1,0,0,0
"rgn.5.7",0,0,0,5,0,0,70,5,26,14,0,0,0,32,0,2,0,26,1,71,0,401,0,0,12,0,0,0,0,0,0,0,2,0,28,225,15,0,4,0,0,29,12,0,0,0,0,86,0,100,6,0,0,0,0,0,122,0,0,918,0,67,0,0,1,0,280,0,0,0,6,5,0,0,0,0,1,0,0,0,7,0,2,0,2,5,0,4,0,0,0,0,36,0,1,0,0,0,2,0,0,0,53,1,3,4,2,0,12,0,0,40,59,10,0,304,0,0,3,0,0,0,0,0,350,2,104,0,0,0,0,0,0,0,0,0,3,0,0,277,6,0,0,0,1,0,0,0,103,0,3,26,0,0,0
"rgn.6.1",4,0,0,0,0,0,5,0,2,16,0,0,0,8,0,10,0,115,7,1008,0,85,0,0,9,0,0,1,7,0,0,151,35,5,2,205,35,0,0,0,0,49,3,0,0,0,0,3,6,62,4,0,3,0,0,0,8,0,33,342,0,40,3,0,0,0,134,0,0,0,0,0,0,0,3,0,0,0,0,0,4,0,0,0,0,1,0,2,0,0,0,0,0,3,3,0,0,0,0,0,0,0,328,0,1,25,73,0,10,0,0,16,5,239,12,361,0,0,8,1,0,0,0,0,68,0,100,0,0,0,0,0,0,0,0,0,36,0,0,42,3,0,0,0,0,0,0,1,251,0,1,0,0,0,0
"rgn.6.10",59,0,0,42,0,5,19,1,2,56,0,0,1,2,2,17,3,369,41,2,55,53,0,0,0,5,4,21,0,1,0,12,3,2,0,165,22,3,77,0,0,24,4,0,2,3,0,28,0,17,1,0,0,7,0,0,285,0,69,160,0,10,0,226,4,6,30,0,0,17,6,3,0,0,1,0,0,0,0,1,1,0,0,0,0,1,0,0,0,0,0,0,0,1,13,0,0,0,29,64,0,2,199,0,1,66,0,0,2,92,1,55,71,27,886,79,0,0,0,1,0,0,0,0,21,0,46,0,0,0,0,0,0,30,0,2,38,0,0,5,0,0,0,0,11,0,0,1,258,0,41,0,0,0,0
"rgn.6.11",0,0,0,0,0,0,0,0,0,1,0,0,8,83,0,0,0,8,0,30,2,322,0,0,74,0,15,0,0,217,0,36,9,155,0,319,1,171,4,0,0,75,0,0,0,0,2,106,0,80,0,0,4,0,0,0,5,0,1,209,0,6,2,0,2,0,225,0,0,0,7,4,0,0,5,0,0,0,0,0,5,0,0,0,0,3,0,0,0,0,0,18,0,0,0,0,0,0,0,0,0,0,2,0,3,0,0,0,1,1,0,1,1,0,0,1197,0,0,19,0,0,0,0,0,104,0,90,0,0,0,0,0,0,0,0,0,0,0,0,45,11,0,3,0,0,0,0,3,300,0,0,7,0,0,0
"rgn.6.12",2,0,0,5,0,0,50,0,0,40,2,0,3,15,0,13,0,365,0,0,0,172,2,0,16,0,0,14,40,0,0,54,0,9,34,347,18,8,16,0,0,68,6,0,0,0,0,83,0,67,1,0,0,0,0,0,137,0,66,269,0,18,0,1,1,0,96,1,1,14,8,0,0,0,6,0,0,0,0,0,0,0,0,0,0,8,0,0,0,0,0,0,3,1,0,1,0,0,2,0,0,0,51,0,3,12,20,0,0,21,4,64,10,0,46,426,0,0,3,5,0,0,0,10,52,0,219,0,0,0,0,0,0,0,0,3,7,0,0,42,3,0,0,0,6,0,0,1,813,0,89,2,0,0,0
"rgn.6.13",0,0,0,0,0,0,59,0,21,2,0,0,0,0,0,0,0,398,0,203,0,128,0,0,8,0,0,0,1,0,0,170,31,0,5,183,1,0,26,0,0,190,0,0,0,0,0,0,0,39,1,0,0,0,0,0,39,0,2,375,0,7,3,2,0,1,77,0,0,0,0,33,0,0,0,0,0,1,0,0,9,0,0,0,2,0,209,1,0,0,0,0,0,0,1,0,0,0,6,0,0,0,26,0,0,49,13,0,0,0,0,1,2,33,0,387,0,0,0,0,0,0,0,0,52,5,294,0,0,0,0,0,0,1,0,3,1,0,0,302,0,0,0,0,0,0,0,1,457,0,0,107,0,0,0
"rgn.6.14",0,0,0,2,0,0,0,0,0,102,2,0,0,0,0,0,51,13,0,0,0,1,16,13,63,0,0,0,23,2,0,2,13,2,0,30,0,0,2,0,0,1,240,0,0,0,0,331,0,15,0,0,0,0,0,0,3,0,1,15,17,258,0,188,144,55,5,0,0,52,176,3,0,0,0,0,9,0,0,0,10,0,0,0,0,0,6,0,0,0,0,0,25,0,2,3,3,0,4,0,9,0,0,0,0,0,2,0,0,158,17,118,277,0,17,436,0,0,0,5,0,0,0,0,15,1,8,8,0,0,0,0,59,0,0,0,0,2,0,505,0,3,52,0,78,0,3,2,257,0,2,12,0,0,12
"rgn.6.15",4,0,0,0,0,0,54,0,0,233,0,0,0,8,0,52,0,318,5,36,4,45,0,0,7,0,0,4,40,1,0,30,4,3,0,85,3,3,17,0,0,10,14,0,0,0,0,230,12,30,0,0,0,3,0,0,55,0,66,108,0,400,2,0,0,0,65,0,0,43,14,2,0,0,3,0,0,0,0,0,3,0,0,0,2,0,1,0,0,0,0,4,67,0,12,430,0,13,4,3,3,0,52,0,2,0,2,0,12,0,0,265,19,24,279,333,0,0,1,3,0,40,2,0,35,0,54,0,0,0,0,0,0,5,0,2,10,0,0,11,2,6,6,0,124,1,0,2,143,0,5,2,0,0,0
"rgn.6.16",0,0,0,3,0,0,0,5,25,111,3,0,0,6,0,2,0,3,0,35,0,66,6,0,14,0,5,2,11,40,0,2,0,37,13,59,5,57,42,0,0,26,156,0,0,0,0,154,2,82,0,0,3,7,0,3,493,0,12,401,0,135,0,3,0,0,79,0,0,0,1,4,0,0,0,0,4,0,0,0,22,0,0,0,0,0,3,2,0,0,1,5,2,2,0,41,0,7,0,0,3,0,5,0,0,2,0,0,0,0,0,22,0,8,1,816,1,0,1,0,0,0,0,0,121,0,114,0,0,4,0,0,0,3,0,2,3,2,0,13,1,52,12,1,8,0,0,26,463,0,0,8,0,0,19
"rgn.6.17",1,0,0,1,0,0,0,3,75,242,2,0,0,10,0,47,0,95,0,0,4,162,7,0,33,0,16,13,10,5,0,93,2,28,18,361,8,30,7,0,0,90,101,0,0,0,17,224,34,262,0,1,0,11,0,2,17,0,61,160,0,374,4,55,2,0,7,2,0,2,9,2,0,0,0,0,7,1,0,0,25,0,0,0,0,3,1,0,0,0,2,0,0,0,0,0,2,9,5,6,57,0,76,0,0,7,0,0,0,6,1,187,32,7,28,131,6,0,4,5,0,0,0,1,71,0,201,0,0,0,0,44,0,3,0,2,28,8,0,22,2,0,0,0,0,0,0,7,249,0,0,15,2,0,3
"rgn.6.18",2,0,9,0,0,0,0,0,5,63,2,0,0,0,0,115,9,6,10,25,0,8,36,0,1,2,0,0,400,4,0,10,0,2,0,3,1,68,10,0,0,4,142,10,0,0,0,85,29,10,0,0,0,0,0,0,3,1,208,15,0,14,0,0,0,0,7,1,0,123,0,2,0,0,0,0,2,0,0,0,19,0,0,0,0,0,0,15,0,0,3,4,17,4,0,369,0,26,0,0,0,0,9,0,0,0,0,0,0,0,14,202,0,0,160,305,2,0,2,3,0,43,0,0,5,0,13,163,0,0,0,0,0,0,0,0,7,0,0,0,0,19,2,0,302,0,0,0,725,0,8,2,0,0,19
"rgn.6.2",14,0,0,0,0,0,16,2,127,5,4,0,4,8,0,7,0,16,3,14,0,132,0,0,13,4,13,0,1,29,0,71,6,16,25,129,4,6,16,0,0,96,8,0,3,0,0,38,0,65,0,0,4,0,1,0,193,0,53,208,0,12,0,11,0,0,84,0,0,4,1,3,0,0,17,3,0,0,0,0,2,1,0,0,0,4,0,2,0,0,2,21,0,0,0,0,0,0,150,0,0,0,98,0,0,14,0,6,0,2,5,8,4,21,0,597,0,0,7,3,1,0,0,2,180,1,203,0,0,2,0,0,0,9,0,2,33,0,0,39,2,3,41,0,0,0,0,26,627,51,0,1,2,0,0
"rgn.6.3",3,0,0,0,0,0,0,9,64,10,3,0,0,8,4,20,0,154,5,53,2,90,0,2,14,0,6,0,62,36,0,5,4,52,0,151,7,30,67,0,0,68,40,2,3,2,3,61,0,131,0,1,0,37,0,0,22,0,38,182,0,45,0,7,0,0,51,1,0,13,1,6,0,0,3,5,4,0,0,0,18,0,0,0,0,0,0,94,0,0,0,17,17,1,0,12,0,0,0,0,4,2,44,0,0,2,0,0,0,0,12,31,1,52,37,1009,0,0,5,2,0,0,0,0,263,0,94,7,0,0,0,0,0,2,0,0,3,0,0,104,1,0,30,0,33,0,0,0,480,1,0,16,2,0,0
"rgn.6.4",4,0,0,10,0,0,74,0,18,14,3,0,3,3,1,8,0,545,58,0,6,67,0,0,29,0,0,23,10,10,0,48,7,12,29,203,12,25,75,0,0,53,2,0,0,0,2,41,1,85,1,0,0,0,0,0,135,0,28,234,0,52,0,104,3,0,109,0,0,7,40,0,0,0,27,0,0,0,0,0,3,0,0,0,3,1,23,0,0,0,0,5,3,0,0,5,4,0,0,21,1,0,64,0,1,49,0,0,5,56,1,32,90,101,16,447,3,0,3,2,0,0,0,2,211,0,195,0,0,0,0,0,0,12,0,2,15,0,0,104,2,0,2,0,0,0,0,5,212,63,3,0,0,0,0
"rgn.6.9",37,0,0,28,0,0,22,5,22,1,1,0,0,9,0,7,0,134,0,13,12,92,0,0,6,12,29,7,0,31,0,39,6,22,3,198,41,38,19,0,0,156,26,0,0,2,10,47,0,171,0,0,46,13,0,0,103,12,42,148,0,302,2,37,2,0,46,0,0,4,14,22,0,0,10,0,0,0,0,0,5,1,0,0,0,1,0,45,0,0,0,9,0,0,0,6,0,2,0,10,6,0,164,0,2,42,0,0,0,23,0,32,9,18,0,394,0,0,4,1,0,0,0,0,287,2,96,1,0,0,0,15,0,3,0,0,7,3,0,422,1,0,16,0,0,0,0,1,246,0,0,71,0,2,0
"rgn.7.1",0,0,0,2,0,64,357,0,0,3,0,0,12,57,0,4,1,869,11,23,5,277,0,0,5,0,0,0,0,0,0,15,3,5,6,356,0,2,0,0,0,114,2,0,0,0,0,5,0,49,5,0,0,0,0,0,16,0,19,401,1,6,15,1,0,0,456,0,0,7,0,1,0,0,1,0,0,0,0,0,4,0,0,0,24,1,0,1,0,0,0,0,0,1,0,19,0,0,0,3,0,1,32,0,2,6,0,0,28,0,0,15,2,103,4,103,0,0,1,0,0,0,0,0,94,0,265,0,0,0,0,0,0,0,0,0,1,0,0,9,1,0,0,0,18,0,0,0,83,0,0,1,0,0,0
"rgn.7.11",1,0,0,8,1,0,12,0,0,14,0,0,0,22,0,4,6,14,0,0,2,32,0,4,1,0,2,0,43,0,0,2,0,2,6,18,1,2,2,0,0,11,3,0,0,0,0,14,0,2,0,0,0,0,0,0,1,0,11,32,0,18,0,377,16,23,2,1,0,2,2,15,0,0,2,0,0,0,0,0,25,0,0,0,0,0,0,6,0,0,0,1,0,0,0,4,71,0,0,0,0,0,5,0,2,0,0,0,0,143,4,14,64,0,2,199,0,6,0,2,0,0,0,0,24,0,17,11,0,0,0,0,2356,0,0,0,2,0,0,148,1,0,0,0,6,0,0,0,85,2,0,14,0,0,0
"rgn.7.14",3,0,0,12,4,0,0,0,3,27,0,0,0,6,0,60,29,55,0,16,0,25,2,5,7,2,0,0,90,0,0,11,0,3,3,51,0,1,2,0,0,19,16,3,0,0,2,408,9,14,0,0,0,0,0,0,4,0,79,14,43,61,0,97,2,0,24,0,0,145,1,2,0,0,0,0,2,0,0,0,0,0,0,0,0,0,0,0,0,0,0,1,48,0,284,31,5,4,134,0,11,0,65,0,0,41,0,1,0,35,94,214,150,0,464,217,0,0,0,0,0,0,0,1,45,1,13,10,0,0,0,0,49,0,0,0,2,0,0,22,0,0,2,0,272,0,7,0,355,6,33,0,0,0,3
"rgn.7.15",7,0,0,1,0,2,30,0,1,102,0,0,3,2,0,86,4,241,11,0,3,15,25,3,4,0,0,2,111,0,0,5,0,17,3,84,1,38,4,0,0,20,97,1,0,0,0,86,20,10,0,0,0,0,0,0,10,0,56,117,8,63,0,98,2,0,61,0,0,90,5,0,0,0,3,0,0,0,0,0,4,0,0,0,0,1,0,0,0,0,1,0,19,37,2,240,2,13,0,0,0,0,22,0,0,7,4,1,11,9,23,204,41,0,778,33,1,0,0,1,0,0,0,4,16,0,109,100,0,0,0,0,0,1,0,0,7,0,0,3,4,0,0,0,172,0,3,5,524,0,0,0,0,0,6
"rgn.7.18",7,0,0,11,0,0,2,0,0,35,0,0,2,9,1,24,0,25,77,3,5,207,4,0,24,0,8,23,300,50,0,158,37,89,0,184,2,35,31,0,1,66,88,2,6,2,2,81,4,53,0,0,0,10,0,0,30,2,57,178,1,24,0,0,0,0,80,0,0,44,4,5,0,0,4,0,0,2,0,0,9,5,0,0,2,5,0,0,0,0,0,0,24,4,3,152,0,9,0,1,0,0,115,0,3,36,0,0,1,0,5,54,2,4,118,223,0,0,2,2,0,0,0,1,187,0,135,4,0,0,0,0,0,1,0,2,30,2,0,96,2,1,0,0,74,0,2,9,544,0,0,9,0,0,9
"rgn.7.19",0,0,0,0,0,0,3,6,19,356,0,0,0,2,0,12,4,9,0,4,0,56,0,0,9,0,6,2,274,3,0,2,3,18,4,51,0,7,6,0,0,24,54,0,0,0,1,364,7,42,0,3,0,0,0,0,2,0,28,88,5,114,0,5,2,0,28,0,0,137,5,7,0,0,0,0,0,1,0,0,14,0,0,0,0,2,0,0,0,0,0,8,18,0,0,160,0,4,32,0,0,0,21,0,0,2,0,0,0,0,47,218,49,0,245,695,2,0,3,0,0,0,0,0,133,1,28,0,0,0,0,0,7,0,0,0,5,0,0,14,0,16,4,0,219,1,8,2,264,0,2,2,0,0,0
"rgn.7.2",0,4,0,3,0,0,3,2,38,85,0,0,0,0,0,46,1,370,9,0,2,44,0,0,4,0,0,2,56,9,0,0,0,9,0,78,0,0,29,0,0,17,9,3,0,0,0,72,5,22,0,0,0,0,0,0,57,0,31,73,20,136,2,40,3,0,111,0,0,88,4,6,0,0,2,0,2,0,0,0,0,0,0,0,4,0,50,50,0,0,0,0,15,2,122,2,6,0,0,0,0,0,14,0,0,21,2,0,0,24,3,329,124,14,149,872,3,0,7,0,0,2,0,0,128,1,48,0,0,0,0,0,19,0,0,3,0,3,0,8,8,0,34,0,189,0,0,2,238,0,0,0,0,2,0
"rgn.7.3",0,0,2,0,0,0,0,16,12,24,0,0,0,21,0,11,7,187,0,33,0,28,0,0,7,0,0,0,0,2,0,31,2,0,20,98,0,0,77,0,0,9,53,0,0,0,0,190,3,37,0,0,0,0,0,0,0,0,2,166,0,214,0,0,0,0,0,0,0,0,21,0,0,0,3,0,4,0,0,0,0,0,0,0,0,0,0,0,0,0,1,0,3,0,0,2,4,0,0,0,1,0,5,0,0,7,2,0,38,0,0,152,0,77,73,1840,0,0,0,0,0,0,0,0,106,0,1,0,0,0,0,0,1,0,0,0,2,0,0,84,0,0,0,0,0,0,0,0,311,0,0,0,0,2,5
"rgn.7.4",2,0,10,103,0,4,2,2,44,15,0,0,0,23,0,4,2,73,0,581,3,65,2,0,5,0,10,3,23,8,0,7,0,5,0,77,0,2,51,0,0,26,5,2,3,0,0,45,3,76,0,0,0,3,0,0,58,0,11,188,13,148,0,495,5,21,20,0,0,2,40,2,0,0,0,0,0,0,0,0,0,0,0,0,0,0,0,99,0,0,2,30,3,0,4,0,7,0,79,0,84,0,18,0,0,0,0,0,0,103,3,49,90,0,11,574,10,0,4,3,0,0,9,0,100,0,22,0,0,0,0,3,71,6,0,0,4,2,0,0,1,0,20,0,4,0,2,0,180,2,7,1,0,0,0
"rgn.7.5",0,0,6,14,0,0,7,0,0,37,0,0,2,17,0,2,0,305,0,3,4,141,3,0,7,0,0,0,46,0,0,29,0,0,79,116,5,2,90,0,0,24,116,0,0,0,0,81,7,44,0,0,0,6,0,0,155,0,6,249,0,299,0,3,0,1,50,0,0,1,67,55,0,0,6,0,2,0,0,0,0,0,0,0,8,0,0,0,0,0,0,0,0,0,0,0,0,2,0,12,0,0,47,0,0,7,0,0,2,45,0,50,70,129,3,457,3,0,0,0,5,0,0,0,104,1,88,0,0,0,0,0,0,0,0,4,0,32,0,415,0,0,2,0,0,0,0,0,64,54,0,290,0,0,0
"rgn.7.6",4,0,0,0,0,0,0,2,6,7,0,0,0,3,2,0,8,47,2,0,6,50,3,0,6,2,10,8,21,1,0,25,2,6,3,148,4,16,42,0,0,84,68,0,0,0,5,30,0,50,0,0,0,7,0,3,3,1,20,186,4,20,0,9,72,3,74,0,0,5,6,5,0,0,3,0,0,0,0,0,86,0,0,0,0,0,0,0,0,0,0,0,0,0,0,2,2,4,0,3,0,0,15,0,0,4,0,0,0,1,2,7,2,14,5,1904,1,0,2,1,0,0,0,0,190,0,53,1,0,0,0,5,216,0,0,0,6,0,0,71,0,0,0,0,4,0,0,0,285,0,0,0,0,0,8
"rgn.7.7",10,0,2,11,0,0,2,3,92,8,0,0,1,8,1,4,0,331,0,251,0,104,0,0,12,0,9,0,0,447,0,17,2,17,4,147,3,3,267,0,0,67,17,0,4,0,2,1,0,54,0,1,0,12,0,0,213,0,14,144,0,31,0,2,4,4,53,1,0,6,48,5,0,0,2,0,0,2,0,0,172,0,0,0,0,0,0,0,0,0,2,59,0,0,0,0,0,0,0,1,4,0,61,0,0,16,0,0,1,0,0,5,4,34,0,303,6,0,0,4,0,0,2,0,68,0,154,0,0,0,0,4,48,10,0,2,9,2,0,70,1,0,0,0,0,0,0,2,416,3,0,86,0,0,0
"rgn.7.8",0,0,0,2,0,0,0,25,10,32,2,0,2,0,0,26,0,14,11,64,0,32,2,0,5,0,23,2,17,41,0,3,0,29,0,131,3,11,43,0,0,27,103,1,7,0,0,1,21,43,0,5,0,3,0,0,341,0,33,205,0,126,0,0,0,0,16,0,0,7,3,4,0,0,0,0,4,14,0,0,3,0,2,0,0,0,0,50,0,0,0,22,35,0,0,61,0,34,0,0,8,0,10,0,0,0,0,0,0,1,2,101,0,153,52,1013,1,0,0,0,1,0,0,0,178,10,69,8,0,0,0,3,0,5,0,0,0,0,0,28,1,61,8,0,47,0,0,2,479,0,3,53,0,0,3
"rgn.8.1",37,0,0,2,0,0,24,7,41,1,0,0,0,2,0,4,0,64,1,0,0,20,0,0,18,25,0,24,7,18,0,66,2,36,15,177,11,6,13,0,0,123,1,0,0,0,34,50,0,97,0,0,0,0,0,3,98,1,129,400,0,3,3,0,0,0,68,0,0,11,0,0,0,0,10,0,12,1,0,0,4,0,0,0,0,1,3,0,0,0,0,0,0,0,0,6,0,0,0,11,1,0,186,0,0,97,0,0,0,0,3,1,2,51,2,774,0,0,8,5,0,0,0,0,332,0,139,0,0,0,0,0,0,3,0,0,48,0,0,1,2,0,140,0,0,0,0,14,486,0,0,1,4,0,0
"rgn.8.10",2,0,0,27,0,0,0,0,18,131,0,0,0,3,0,7,0,110,0,0,0,45,0,0,7,0,0,2,412,34,0,0,0,40,3,99,5,49,13,0,0,9,75,0,0,0,0,50,5,28,0,0,0,0,0,0,28,0,44,215,0,39,0,0,0,0,24,0,0,28,0,6,0,0,4,0,0,0,0,0,9,0,0,0,0,2,0,2,0,0,0,4,39,5,0,122,0,18,0,0,4,0,8,0,2,0,13,0,0,0,8,126,2,2,102,1020,0,0,7,0,0,0,0,0,169,0,33,21,0,0,0,0,0,0,0,0,2,0,0,0,1,288,2,0,64,0,0,2,139,15,6,3,0,0,12
"rgn.8.11",6,0,0,12,0,0,4,0,2,47,0,0,0,1,3,66,11,3,13,0,4,11,0,0,3,4,2,5,1504,2,0,31,0,3,0,17,1,8,2,0,0,14,9,0,0,0,5,81,5,6,0,0,0,0,0,0,11,1,144,5,65,9,0,73,0,9,10,0,0,34,1,3,0,0,4,8,2,0,0,0,0,0,0,0,2,1,0,0,0,0,0,0,54,17,0,12,6,2,0,1,0,1,80,0,0,2,0,0,0,44,15,157,50,64,156,340,0,0,6,0,0,0,0,0,1,0,6,7,0,0,0,0,343,0,0,0,9,0,0,1,1,9,3,33,69,2,0,0,141,1,13,9,0,0,0
"rgn.8.13",0,0,0,0,0,0,0,0,46,33,1,0,1,1,0,16,0,1531,0,23,0,9,1,1,4,0,4,2,267,4,0,22,8,1,3,112,1,11,18,0,0,2,9,1,0,0,32,59,5,8,0,0,0,0,0,0,431,0,22,94,0,15,0,1,1,1,20,0,0,1,1,7,0,0,16,2,4,0,0,0,1,0,0,0,0,0,0,4,0,0,0,27,29,5,0,67,0,15,0,0,17,2,13,0,0,0,0,0,0,0,10,72,10,0,145,242,0,0,0,0,0,0,0,0,41,1,14,25,0,0,0,2,0,6,0,0,1,0,0,131,0,19,5,0,2,0,0,0,221,0,5,8,0,0,2
"rgn.8.14",8,0,0,2,0,0,6,0,6,111,0,0,0,3,0,25,0,383,48,20,21,39,0,0,3,10,10,0,129,0,0,52,4,3,3,84,24,6,5,11,0,34,19,0,0,0,0,126,5,33,0,0,4,3,0,0,160,0,42,58,0,55,0,57,0,0,9,0,2,85,10,7,0,0,3,0,0,0,0,0,2,0,0,0,2,0,0,0,0,0,0,8,12,4,219,15,0,0,42,1,13,0,135,0,0,11,0,0,0,45,52,354,120,4,207,281,1,0,0,4,0,0,0,0,15,0,55,0,0,0,0,0,0,0,0,0,20,0,0,10,1,0,2,0,144,0,0,0,403,1,82,0,4,0,0
"rgn.8.17",3,0,0,2,0,0,2,0,47,0,0,0,0,29,0,0,0,344,0,4,1,298,0,0,23,0,17,8,2,0,0,12,2,166,50,381,6,46,34,0,2,222,0,0,0,0,0,113,0,179,1,0,0,0,0,0,62,1,12,225,0,6,4,1,2,1,174,0,0,1,4,0,0,0,25,0,2,0,0,2,0,0,2,0,2,2,0,0,0,0,0,0,0,0,0,0,0,0,0,1,0,0,25,0,3,4,0,0,0,0,0,1,0,0,0,480,0,0,10,3,0,0,0,0,356,0,119,0,0,0,0,0,0,0,0,0,4,0,0,16,1,120,0,0,0,0,0,0,328,3,0,1,0,0,0
"rgn.8.18",3,0,3,0,0,0,15,0,1,2,0,0,20,5,0,3,0,642,1,0,3,156,0,0,8,1,2,31,0,0,1,183,10,104,18,272,2,17,19,2,0,123,1,1,7,1,1,1,0,42,3,4,0,0,0,0,307,2,10,420,0,1,0,42,2,0,173,0,0,1,7,2,0,0,2,0,0,5,1,0,0,0,0,0,0,4,0,4,0,0,0,0,0,0,0,0,0,0,4,3,0,0,15,1,0,33,0,1,2,7,0,3,1,35,0,43,0,0,0,0,0,0,0,1,93,0,333,0,0,0,0,0,6,0,0,0,45,1,0,17,16,0,7,0,0,0,0,58,578,0,0,2,0,0,0
"rgn.8.19",0,0,0,2,0,0,0,0,1,110,0,0,0,0,0,0,3,532,1,0,1,0,0,0,14,0,0,0,0,3,0,4,2,1,7,117,0,3,3,0,0,21,57,1,0,0,3,250,15,1,0,0,0,0,0,0,127,0,6,5,62,45,2,604,5,6,5,0,0,91,23,0,0,0,3,0,2,0,0,0,2,0,0,0,0,0,0,0,0,0,0,0,1,0,25,0,13,0,2,0,14,0,1,0,0,0,0,1,0,90,17,174,91,0,781,129,0,0,1,0,0,0,0,0,1,0,2,0,0,0,0,0,13,0,0,0,1,0,0,67,0,5,10,0,208,1,0,0,191,1,6,0,0,0,0
"rgn.8.2",4,0,0,4,0,0,7,0,0,16,0,0,0,0,0,18,4,9,63,0,0,14,0,0,0,2,6,4,443,0,0,17,0,2,0,45,1,11,3,1,0,8,5,6,0,0,0,133,0,11,0,0,0,4,0,0,23,0,77,26,19,15,2,5,0,0,44,0,0,93,4,0,0,0,4,0,0,2,0,0,6,0,0,0,0,0,0,0,0,0,0,3,23,16,3,10,3,0,0,0,0,0,83,0,3,0,0,0,0,1,21,181,3,0,433,1124,0,0,1,2,0,13,0,0,31,0,40,53,0,0,0,3,2,2,0,0,10,0,0,8,0,3,5,0,239,0,0,0,440,0,13,6,2,0,0
"rgn.8.5",3,0,0,2,0,0,4,0,3,0,0,0,0,17,0,3,0,251,0,3,2,205,0,0,8,0,22,7,0,0,0,12,0,67,19,295,14,52,5,0,0,96,0,0,0,0,0,79,0,66,0,0,0,3,0,0,113,0,9,333,0,2,2,0,0,0,175,0,0,2,2,2,0,0,3,0,4,0,0,2,0,0,0,0,0,1,0,0,0,0,0,0,0,0,0,0,0,0,0,0,4,0,16,0,0,4,0,0,0,0,0,1,0,0,0,1188,0,0,6,0,0,0,0,0,273,0,98,0,0,0,0,0,0,0,0,0,5,0,0,10,1,93,0,0,0,0,0,5,406,0,0,0,0,0,0
"rgn.8.6",0,0,0,33,0,0,5,0,1,17,0,0,0,0,0,58,2,557,13,3,6,10,0,0,0,4,4,2,161,1,0,2,7,5,0,31,2,1,9,0,0,5,5,0,0,0,2,264,0,15,0,0,0,0,0,0,4,0,65,5,10,19,0,62,0,0,20,0,0,102,44,0,0,0,3,1,2,0,0,0,3,0,0,0,0,0,0,0,0,0,0,0,58,18,50,24,10,0,0,1,5,0,39,0,0,0,0,0,0,35,8,118,29,1,171,954,0,0,2,0,0,9,0,0,6,0,19,3,0,0,0,0,242,10,0,0,3,0,0,3,0,0,0,0,187,0,0,0,412,0,16,0,0,0,0
"rgn.8.8",7,0,3,5,1,0,2,0,89,24,2,0,0,2,0,5,22,165,41,0,5,176,2,0,8,2,3,6,23,23,0,43,9,15,9,206,17,24,58,0,0,35,13,0,0,2,3,8,3,48,0,0,0,8,0,2,31,1,36,163,2,106,0,63,0,2,42,0,0,2,11,8,0,0,20,6,0,0,0,0,6,0,0,0,0,1,0,0,0,0,2,0,0,3,0,2,11,8,33,0,10,0,26,0,2,2,31,0,0,17,3,47,26,205,4,1235,0,0,1,2,0,0,0,0,139,0,90,2,0,0,0,0,6,0,0,0,17,3,0,64,4,61,15,0,9,0,0,0,258,0,0,33,5,0,0
"rgn.8.9",2,0,0,63,0,0,0,0,0,96,0,0,0,1,2,92,2,34,2,0,2,24,0,0,0,0,11,6,450,5,0,3,0,2,3,34,0,4,7,0,0,2,10,4,0,0,0,71,3,17,0,0,9,0,0,0,244,1,94,15,0,121,0,4,0,22,2,0,0,63,0,40,0,0,0,0,2,0,0,0,2,0,0,0,0,0,0,2,0,0,0,0,92,16,0,262,0,11,0,0,0,4,38,0,0,2,4,1,0,3,14,182,9,22,257,859,0,0,0,0,0,0,0,2,8,0,31,31,0,3,0,0,0,3,0,0,3,0,0,52,0,0,0,0,120,0,3,0,278,2,0,2,0,0,0
"rgn.9.10",8,0,0,0,0,0,5,2,0,107,0,0,2,4,2,4,6,64,0,0,10,39,5,0,7,0,0,0,503,0,0,9,0,2,0,96,9,3,0,0,2,18,124,6,0,0,0,35,0,13,1,1,5,10,0,0,241,0,45,69,0,36,0,0,0,0,24,0,0,134,2,0,0,0,0,0,2,3,0,4,2,0,0,0,4,0,0,0,0,0,0,1,0,15,0,102,0,3,0,3,0,0,163,0,2,5,0,1,4,0,0,241,0,18,161,545,0,0,0,2,0,0,0,0,35,0,63,1,0,0,0,0,0,0,0,3,14,0,0,2,0,0,0,0,332,1,3,2,587,0,0,12,0,0,10
"rgn.9.11",0,0,0,9,0,0,0,0,0,8,0,0,0,2,0,5,0,653,3,0,7,87,0,0,3,6,0,10,107,0,0,0,0,4,3,231,3,23,10,0,0,55,8,0,0,0,0,32,0,31,1,0,0,0,0,0,23,0,27,245,0,38,0,0,0,0,158,0,1,0,22,6,0,0,3,0,0,0,0,0,0,0,0,0,5,1,0,0,0,0,0,0,32,0,0,37,0,5,0,1,0,0,22,0,0,4,0,14,33,2,5,29,11,0,15,873,0,0,24,0,0,0,0,0,625,0,24,1,0,0,0,0,0,0,0,2,3,0,0,18,0,289,9,0,0,0,0,0,75,6,2,2,0,0,0
"rgn.9.12",7,0,0,2,0,0,0,0,0,25,0,0,0,2,0,1,0,37,0,202,7,54,35,0,4,0,0,0,0,105,0,52,15,0,0,58,4,1,6,0,0,42,500,0,0,5,0,84,0,25,0,0,0,0,0,0,637,4,22,318,0,96,0,0,0,0,59,0,0,0,0,40,0,0,2,0,0,0,0,0,7,0,0,0,0,3,0,0,0,0,0,0,0,0,0,0,0,0,0,2,0,0,66,0,3,0,34,0,4,0,0,2,0,0,0,631,0,0,21,0,0,0,0,0,429,0,50,0,0,0,0,0,0,0,0,0,10,9,0,3,10,0,19,0,0,0,0,0,176,0,0,0,0,0,27
"rgn.9.13",0,0,0,6,0,0,13,2,1,1,0,0,2,28,0,1,0,87,0,0,4,183,3,0,10,0,9,0,0,0,0,2,9,29,4,242,10,0,23,2,0,135,16,0,17,0,0,55,0,70,4,0,4,0,0,0,536,0,14,43,0,4,0,4,0,0,56,0,0,3,2,0,0,0,4,0,0,0,0,0,20,0,0,0,0,2,0,0,0,0,0,0,0,0,2,0,0,0,2,5,0,1,40,0,0,25,0,0,0,0,0,2,0,2,2,650,3,0,25,0,0,0,0,0,973,0,293,0,0,0,0,0,0,0,0,2,1,2,0,93,3,0,0,2,0,0,0,0,182,0,0,5,0,12,0
"rgn.9.2",0,0,0,0,6,0,0,2,7,85,0,0,0,0,0,2,2,78,137,2,1,0,0,5,0,0,0,0,2,0,0,1,0,0,0,3,1,0,6,0,0,1,112,0,0,0,2,96,0,2,0,0,4,0,0,0,60,0,2,1,0,654,2,59,0,28,1,0,0,0,0,0,0,0,6,0,16,0,0,0,2,0,0,0,0,0,1,0,0,0,0,0,0,2,0,8,0,5,0,0,32,0,1,0,0,0,0,0,0,45,0,183,202,1,7,124,0,0,0,0,0,1,0,0,11,0,5,0,0,0,0,0,0,0,0,0,0,5,0,1840,0,0,13,0,4,0,0,0,65,0,3,1,0,0,0
"rgn.9.3",1,0,0,0,0,0,14,3,22,12,1,0,0,2,0,5,0,81,12,0,1,76,0,0,5,6,36,13,0,60,0,34,0,2,2,209,44,0,17,0,0,74,28,0,0,4,7,83,2,93,0,0,0,7,0,0,164,1,23,310,0,33,2,0,0,0,138,0,0,1,22,32,0,0,13,0,0,0,0,0,3,0,0,0,0,5,0,0,0,0,0,0,0,0,0,0,2,3,7,8,0,0,107,1,0,44,0,0,0,0,0,7,1,2,2,297,2,0,7,4,0,0,0,1,180,4,179,1,0,13,0,0,0,14,0,0,42,0,0,589,0,1,2,3,0,0,0,0,677,4,0,64,0,4,0
"rgn.9.6",3,0,0,101,0,0,4,5,2,136,0,0,0,0,0,47,8,133,0,0,5,2,0,0,1,2,0,0,149,1,0,4,0,3,34,44,0,3,72,0,0,1,21,20,0,0,0,274,7,10,0,0,0,4,0,0,19,0,51,1,7,212,0,293,0,5,0,0,0,219,31,0,0,0,0,0,2,0,0,0,2,0,0,0,0,0,0,0,0,0,0,3,18,6,41,36,0,9,0,4,2,0,18,0,0,2,0,0,0,125,17,259,192,12,275,160,0,0,0,0,0,2,0,0,4,0,3,2,0,6,0,0,0,0,0,0,5,0,0,5,0,2,4,1,491,5,3,2,310,0,0,0,0,0,0
"rgn.9.9",0,0,0,0,0,0,15,7,36,35,3,0,2,5,0,19,5,315,1,372,1,64,0,0,4,0,3,0,284,0,0,6,0,12,47,87,0,10,0,0,0,32,16,5,0,0,0,89,6,20,0,0,0,0,0,0,141,0,32,476,1,4,2,11,3,0,175,0,0,64,14,8,0,0,1,0,1,3,0,0,4,0,0,0,5,1,0,2,0,0,0,0,42,5,13,32,0,7,15,0,45,4,4,0,0,0,0,2,0,2,19,75,3,7,62,281,1,0,4,0,0,1,0,0,245,1,178,12,0,0,0,0,0,0,0,0,1,0,0,8,0,0,3,0,146,0,2,1,240,0,74,6,0,0,0
